City_ID,City,Lat,Lng,Max Temp,Humidity,Cloudiness,Wind Speed,Country,Date
0,bethel,41.3712,-73.414,16.46,85,100,2.06,US,1725947526
1,arraial do cabo,-22.9661,-42.0278,22.15,86,0,12.55,BR,1725947541
2,waitangi,-43.9535,-176.5597,9.9,93,18,0.89,NZ,1725947526
3,grytviken,-54.2811,-36.5092,0.46,90,100,3.74,GS,1725947531
4,remire-montjoly,4.9167,-52.2667,25.02,94,59,0.0,GF,1725947598
5,tura,25.5198,90.2201,31.52,66,26,1.5,IN,1725947557
6,rock springs,41.5875,-109.2029,18.69,42,0,5.66,US,1725947688
7,st. john's,47.5649,-52.7093,16.1,86,100,5.14,CA,1725947531
8,bayevo,53.2833,80.7667,19.57,55,54,2.36,RU,1725947839
9,bathsheba,13.2167,-59.5167,27.34,89,20,3.09,BB,1725947839
10,talnakh,69.4865,88.3972,2.04,97,100,6.44,RU,1725947525
11,albany,42.6001,-73.9662,14.7,78,72,0.45,US,1725947236
12,margaret river,-33.95,115.0667,17.37,60,82,6.22,AU,1725947533
13,keflavik,64.0049,-22.5624,6.24,56,40,13.89,IS,1725947584
14,mamou,10.5,-12.0,19.8,99,100,0.39,GN,1725947840
15,hermanus,-34.4187,19.2345,11.56,72,0,7.6,ZA,1725947524
16,stanley,54.868,-1.6985,13.49,86,75,6.69,GB,1725947556
17,badger,64.8,-147.5333,10.93,87,75,0.0,US,1725947526
18,ribeira grande,38.5167,-28.7,21.54,83,96,4.02,PT,1725947560
19,wailua homesteads,22.0669,-159.378,23.44,77,0,3.6,US,1725947530
20,margate,51.3813,1.3862,11.6,87,84,8.61,GB,1725947390
21,yangambi,0.8102,24.4336,22.78,95,59,0.84,CD,1725947841
22,atafu village,-8.5421,-172.5159,28.27,81,21,9.51,TK,1725947532
23,polyarnyy,69.1989,33.4478,16.0,65,21,8.79,RU,1725947581
24,puerto ayora,-0.7393,-90.3518,20.31,99,99,1.79,EC,1725947565
25,port-aux-francais,-49.35,70.2167,0.48,66,97,18.17,TF,1725947526
26,dzhetygara,52.1908,61.2006,18.8,61,100,2.94,KZ,1725947842
27,port mathurin,-19.6833,63.4167,22.24,76,28,6.59,MU,1725947536
28,qionghai,19.2425,110.4642,24.43,98,100,1.6,CN,1725947842
29,konarka,19.9,86.1167,31.0,71,100,7.58,IN,1725947842
30,tiksi,71.6872,128.8694,8.62,64,90,0.52,RU,1725947539
31,willemstad,12.1084,-68.9335,28.95,87,20,4.12,CW,1725947843
32,mil'kovo,55.6078,37.7956,18.08,49,73,3.99,RU,1725947843
33,sucua,-2.4667,-78.1667,19.76,80,57,1.67,EC,1725947843
34,edinburgh of the seven seas,-37.0676,-12.3116,13.53,80,32,5.98,SH,1725947536
35,georgetown,5.4112,100.3354,31.64,73,20,3.6,MY,1725947334
36,izazi,-7.2,35.7333,26.14,45,50,1.42,TZ,1725947844
37,bassar,9.25,0.7833,21.52,97,100,0.39,TG,1725947844
38,arenzano,44.4052,8.6832,21.85,59,60,5.66,IT,1725947844
39,aasiaat,68.7098,-52.8699,-4.42,77,10,4.84,GL,1725947582
40,george town,5.4112,100.3354,31.64,73,20,3.6,MY,1725947732
41,ancud,-41.8697,-73.8203,7.42,86,98,4.95,CL,1725947560
42,oranjemund,-28.55,16.4333,16.35,34,0,3.4,NA,1725947844
43,jamestown,42.097,-79.2353,14.8,100,20,1.54,US,1725947558
44,emerald,-23.5333,148.1667,29.63,31,0,5.54,AU,1725947845
45,adamstown,-25.066,-130.1015,19.25,82,0,10.77,PN,1725947530
46,udachny,66.4167,112.4,9.91,62,96,0.89,RU,1725947530
47,anadyr,64.75,177.4833,9.28,70,20,6.71,RU,1725947553
48,yellowknife,62.456,-114.3525,10.79,100,100,3.09,CA,1725947531
49,blackmans bay,-43.0167,147.3167,17.07,64,99,3.21,AU,1725947524
50,kamphaeng phet,16.25,99.5,27.31,82,100,0.81,TH,1725947845
51,callao,-12.0667,-77.15,17.07,88,100,2.57,PE,1725947578
52,shchyolkino,45.4291,35.8223,22.78,74,0,2.31,UA,1725947846
53,puerto natales,-51.7236,-72.4875,0.78,94,70,2.09,CL,1725947532
54,chonchi,-42.6128,-73.8092,6.73,95,100,2.31,CL,1725947576
55,at tall,33.6103,36.3107,20.5,34,0,1.07,SY,1725947846
56,yuzhno-kurilsk,44.0306,145.8556,18.16,84,100,6.45,RU,1725947540
57,invercargill,-46.4,168.35,7.23,82,94,4.92,NZ,1725947441
58,luanda,-8.8368,13.2343,22.0,83,100,2.06,AO,1725947602
59,whitehorse,60.7161,-135.0538,10.43,66,75,5.14,CA,1725947547
60,vadso,70.0744,29.7487,15.09,77,0,7.72,NO,1725947574
61,utrik,11.2278,169.8474,28.62,81,98,6.94,MH,1725947539
62,darnah,32.767,22.6367,28.34,45,66,3.49,LY,1725947847
63,longyearbyen,78.2186,15.6401,-0.09,69,0,3.6,SJ,1725947531
64,yinchuan,38.4681,106.2731,16.2,71,100,2.77,CN,1725947847
65,kruisfontein,-34.0033,24.7314,10.14,58,11,1.97,ZA,1725947232
66,ushuaia,-54.8,-68.3,2.81,70,0,6.17,AR,1725947423
67,hovd,48.0056,91.6419,17.74,17,0,2.4,MN,1725947848
68,college,64.8569,-147.8028,10.97,85,75,0.0,US,1725947546
69,thurgoona,-36.0451,146.9919,17.31,60,3,1.42,AU,1725947848
70,vilyuchinsk,52.9306,158.4028,18.15,63,23,2.72,RU,1725947572
71,berezovyy,51.6667,135.7,18.66,46,1,6.75,RU,1725947848
72,iskateley,67.6803,53.1512,17.7,68,11,5.73,RU,1725947546
73,naliya,23.2667,68.8333,30.26,62,92,6.51,IN,1725947849
74,happy valley-goose bay,53.3168,-60.3315,11.17,71,75,8.23,CA,1725947529
75,ayas,40.0193,32.3322,23.17,37,5,1.07,TR,1725947849
76,aral,40.5156,81.2636,25.34,21,100,3.97,CN,1725947849
77,petropavlovsk-kamchatsky,53.0452,158.6483,17.33,45,20,5.0,RU,1725947560
78,ilulissat,69.2167,-51.1,1.01,60,7,1.54,GL,1725947527
79,colonia,50.9333,6.95,14.42,87,75,4.12,DE,1725947850
80,torghay,49.6339,63.4981,23.52,40,48,5.89,KZ,1725947541
81,port-cartier,50.0334,-66.8654,11.22,77,98,4.94,CA,1725947850
82,kitimat,54.0524,-128.6534,10.51,42,46,0.33,CA,1725947850
83,pitea,65.3172,21.4794,14.65,77,85,4.96,SE,1725947850
84,darasun,51.6667,114.0,19.01,33,21,7.82,RU,1725947850
85,choibalsan,48.0667,114.5,20.21,26,0,8.7,MN,1725947850
86,cidreira,-30.1811,-50.2056,16.41,99,74,5.48,BR,1725947851
87,taoudenni,22.6783,-3.9836,34.14,38,58,3.67,ML,1725947851
88,bilibino,68.0546,166.4372,5.33,70,99,0.88,RU,1725947533
89,bredasdorp,-34.5322,20.0403,10.29,73,5,4.42,ZA,1725947527
90,saint-joseph,-21.3667,55.6167,25.21,70,17,4.13,RE,1725947852
91,ponta delgada,37.7333,-25.6667,21.4,83,20,3.6,PT,1725947852
92,odacho-oda,35.1833,132.5,28.81,78,31,2.11,JP,1725947852
93,adam,22.3756,57.5233,35.23,30,6,2.52,OM,1725947599
94,san pedro pochutla,15.7333,-96.4667,25.95,92,100,2.14,MX,1725947852
95,escanaba,45.7453,-87.0646,9.98,100,0,0.0,US,1725947827
96,cabo san lucas,22.8909,-109.9124,30.42,72,10,1.79,MX,1725947588
97,nova sintra,14.8667,-24.7167,26.58,77,54,4.96,CV,1725947538
98,lakatoro,-16.0999,167.4164,25.31,76,19,7.52,VU,1725947853
99,melekeok village,7.4957,134.6367,26.31,89,100,3.6,PW,1725947853
100,phalaborwa,-23.943,31.1411,15.7,69,100,6.06,ZA,1725947853
101,gwanda,-20.9333,29.0,15.69,82,100,6.17,ZW,1725947853
102,isafjordur,66.0755,-23.124,3.63,68,100,10.72,IS,1725947539
103,puerto san jose,13.9256,-90.8244,26.63,84,74,2.13,GT,1725947558
104,lihue,21.9789,-159.3672,23.77,78,0,3.6,US,1725947538
105,papatowai,-46.5619,169.4708,6.32,84,98,7.03,NZ,1725947534
106,new plymouth,-39.0667,174.0833,13.78,100,17,6.31,NZ,1725947854
107,barkhan,29.8977,69.5256,30.06,30,0,1.41,PK,1725947854
108,sinan,34.8262,126.1086,25.37,85,0,5.46,KR,1725947854
109,avarua,-21.2078,-159.775,23.03,83,20,3.09,CK,1725947536
110,sedhiou,12.7081,-15.5569,23.66,98,100,2.5,SN,1725947854
111,susuman,62.7833,148.1667,9.06,76,92,6.28,RU,1725947525
112,alice springs,-23.7,133.8833,29.75,20,100,2.06,AU,1725947575
113,mikun',62.3547,50.0771,17.88,58,50,1.89,RU,1725947855
114,yigo village,13.5361,144.8886,28.16,85,75,9.26,GU,1725947855
115,fale old settlement,-9.3852,-171.2468,28.29,82,13,9.74,TK,1725947547
116,san pedro,14.35,121.0167,30.73,71,40,6.17,PH,1725947587
117,san antonio de pale,-1.4014,5.6325,24.09,86,99,5.43,GQ,1725947528
118,chernomorskoye,45.5039,32.6997,22.78,72,75,1.99,UA,1725947856
119,nagqu,31.5,92.0,14.04,47,44,2.13,CN,1725947534
120,karystos,38.0133,24.4161,26.9,79,89,6.08,GR,1725947856
121,south upi,6.8333,124.15,26.9,69,94,2.59,PH,1725947856
122,camacupa,-12.0167,17.4833,19.26,26,64,1.39,AO,1725947856
123,mar del plata,-38.0023,-57.5575,11.4,97,100,2.06,AR,1725947185
124,ola,59.5833,151.2833,10.93,79,100,1.76,RU,1725947563
125,hawaiian paradise park,19.5933,-154.9731,23.83,90,34,0.84,US,1725947592
126,samraong,12.4526,105.5873,30.22,82,100,1.42,KH,1725947857
127,gadzhiyevo,69.2551,33.3362,16.45,64,19,8.55,RU,1725947572
128,najran,17.4924,44.1277,30.31,13,1,1.44,SA,1725947857
129,punta arenas,-53.15,-70.9167,2.06,87,40,10.29,CL,1725947410
130,champerico,14.3,-91.9167,25.83,91,95,3.57,GT,1725947857
131,iqaluit,63.7506,-68.5145,3.85,55,0,2.06,CA,1725947534
132,sao gabriel da cachoeira,-0.1303,-67.0892,24.85,70,25,0.93,BR,1725947857
133,san julian,21.0167,-102.1667,17.77,69,100,1.63,MX,1725947858
134,egilsstadir,65.2653,-14.3948,3.95,81,100,4.12,IS,1725947543
135,garachico,28.7781,-17.7646,21.06,78,100,5.66,ES,1725947858
136,aksu,41.1231,80.2644,23.07,33,92,1.9,CN,1725947858
137,vilyuysk,63.7553,121.6247,13.45,67,100,0.44,RU,1725947594
138,inarajan village,13.2736,144.7484,28.55,90,100,9.73,GU,1725947858
139,quellon,-43.1167,-73.6167,6.17,83,100,6.32,CL,1725947858
140,byron bay,-28.65,153.6167,21.58,62,48,4.9,AU,1725947858
141,auch,43.65,0.5833,17.36,85,94,0.45,FR,1725947859
142,dusti,37.3481,68.664,25.44,12,0,0.84,TJ,1725947859
143,newman,37.3138,-121.0208,20.03,52,0,2.83,US,1725947566
144,carnarvon,-24.8667,113.6333,21.95,52,0,8.48,AU,1725947538
145,lompoc,34.6391,-120.4579,14.52,81,0,1.54,US,1725947542
146,mount gambier,-37.8333,140.7667,16.26,62,100,3.36,AU,1725947527
147,port blair,11.6667,92.75,28.9,78,86,8.93,IN,1725947574
148,kourou,5.1552,-52.6478,24.46,86,67,3.6,GF,1725947593
149,twin falls,42.3505,-114.6445,15.19,44,0,3.09,US,1725947741
150,strezhevoy,60.7333,77.5889,12.11,56,36,6.35,RU,1725947860
151,mahalapye,-23.1041,26.8142,14.89,79,83,9.44,BW,1725947860
152,roma,43.2128,-75.4557,15.2,99,100,1.54,US,1725947464
153,bertoua,4.5833,13.6833,20.87,97,66,1.14,CM,1725947860
154,grand falls-windsor,48.9332,-55.6649,10.28,90,100,3.59,CA,1725947861
155,selfoss,63.9331,-20.9971,5.02,66,85,10.43,IS,1725947584
156,cockburn town,21.4612,-71.1419,29.07,75,6,7.03,TC,1725947567
157,pechora,65.1472,57.2244,15.05,78,84,3.43,RU,1725947589
158,shahrak,34.1074,64.3052,17.74,11,0,2.55,AF,1725947861
159,gaspe,48.8334,-64.4819,11.12,87,0,3.09,CA,1725947861
160,codrington,-38.2667,141.9667,17.12,63,100,3.3,AU,1725947590
161,aswan,24.0934,32.907,30.61,26,0,1.54,EG,1725947862
162,amarante,-6.2411,-42.8547,22.42,48,14,1.81,BR,1725947862
163,san patricio,28.017,-97.5169,26.97,69,100,4.62,US,1725947534
164,lebu,-37.6167,-73.65,8.97,89,86,2.13,CL,1725947525
165,alofi,-19.0595,-169.9187,24.94,88,1,3.09,NU,1725947566
166,pacific grove,36.6177,-121.9166,16.06,87,100,2.06,US,1725947862
167,acajutla,13.5928,-89.8275,26.55,83,100,2.13,SV,1725947862
168,paramonga,-10.6667,-77.8333,16.09,90,25,3.26,PE,1725947862
169,adigrat,14.277,39.462,19.08,52,8,3.42,ET,1725947863
170,northam,51.0333,-4.2167,14.78,96,100,8.95,GB,1725947603
171,bestobe,52.4994,73.0975,19.61,61,10,1.16,KZ,1725947863
172,santana do livramento,-30.8908,-55.5328,18.39,99,38,2.91,BR,1725947863
173,praia da vitoria,38.7333,-27.0667,20.98,94,100,5.17,PT,1725947580
174,enewetak,11.3474,162.3373,28.75,80,54,6.22,MH,1725947568
175,thunder bay,48.4001,-89.3168,10.99,100,0,1.54,CA,1725947864
176,whistler,50.1164,-122.9695,11.75,96,27,1.52,CA,1725947813
177,olonkinbyen,70.9221,-8.7187,2.24,97,100,11.61,SJ,1725947545
178,portland,45.5234,-122.6762,20.97,75,75,3.6,US,1725947355
179,le port,-20.9373,55.2919,24.98,91,7,1.08,RE,1725947864
180,kirensk,57.7853,108.1119,7.22,62,90,6.69,RU,1725947578
181,dubbo,-32.25,148.6167,21.07,43,0,3.09,AU,1725947864
182,luau,-10.7073,22.2247,25.0,38,93,0.55,AO,1725947865
183,lethbridge,49.7,-112.8186,14.06,47,0,3.6,CA,1725947758
184,rongelap,11.1635,166.8941,27.97,76,100,8.12,MH,1725947604
185,lazaro cardenas,17.9583,-102.2,25.55,91,100,2.16,MX,1725947552
186,kill devil hills,36.0307,-75.676,17.01,94,0,0.0,US,1725947549
187,sturgeon bay,44.8342,-87.377,17.2,82,0,3.09,US,1725947865
188,horta,38.5333,-28.6333,21.12,83,96,4.02,PT,1725947542
189,ust-nera,64.5667,143.2,7.85,84,94,2.47,RU,1725947525
190,salinopolis,-0.6136,-47.3561,26.63,76,12,5.82,BR,1725947866
191,alva,56.1528,-3.8051,6.94,85,78,8.22,GB,1725947866
192,bikenibeu village,1.3673,173.1241,29.98,79,40,5.66,KI,1725947587
193,abu qurqas,27.9312,30.8384,30.25,38,0,2.49,EG,1725947867
194,thompson,55.7435,-97.8558,18.09,72,40,1.54,CA,1725947535
195,weinan,34.5036,109.5089,30.09,38,53,2.95,CN,1725947867
196,inyonga,-6.7167,32.0667,25.21,40,39,3.81,TZ,1725947867
197,touros,-5.1989,-35.4608,22.96,83,7,5.8,BR,1725947544
198,camana,-16.6228,-72.7111,14.78,88,97,1.31,PE,1725947867
199,nishinoomote,30.7333,131.0,28.31,94,75,3.6,JP,1725947867
200,kingston,17.997,-76.7936,28.53,84,20,2.06,JM,1725947703
201,bonthe,7.5264,-12.505,23.2,92,100,1.21,SL,1725947867
202,amga,60.8953,131.9608,6.57,96,100,4.93,RU,1725947532
203,guarapari,-20.6667,-40.4975,19.02,82,0,4.23,BR,1725947868
204,afaahiti,-17.75,-149.2833,23.22,83,38,8.54,PF,1725947531
205,queenstown,-31.8976,26.8753,5.65,81,97,1.78,ZA,1725947571
206,saudarkrokur,65.7461,-19.6394,2.25,99,100,13.03,IS,1725947868
207,yeppoon,-23.1333,150.7333,22.52,69,0,4.8,AU,1725947868
208,karbala,32.616,44.0249,40.93,10,0,2.19,IQ,1725947868
209,saurimo,-9.6608,20.3916,23.73,52,33,0.78,AO,1725947869
210,el calafate,-50.3408,-72.2768,0.3,71,3,3.06,AR,1725947869
211,lapao,-11.3833,-41.8319,16.55,89,8,5.35,BR,1725947869
212,santa cruz del sur,20.7147,-77.9956,26.73,85,51,4.02,CU,1725947869
213,yarmouth,41.7057,-70.2286,18.89,81,0,3.13,US,1725947532
214,visakhapatnam,17.69,83.2093,30.94,70,75,7.72,IN,1725947869
215,kodiak,57.79,-152.4072,10.73,93,100,0.0,US,1725947527
216,bandrele,-12.9067,45.1914,26.86,69,0,4.12,YT,1725947869
217,atherton,53.5237,-2.4935,15.08,86,100,1.79,GB,1725947869
218,vrangel',42.7297,133.0839,21.23,99,100,3.44,RU,1725947870
219,orkney,-26.9802,26.6727,13.42,66,1,5.63,ZA,1725947870
220,longquan,24.6719,102.1613,24.83,65,99,3.37,CN,1725947870
221,saint-pierre,-21.3393,55.4781,25.82,61,20,8.75,RE,1725947870
222,tikapur,28.5,81.1333,33.59,57,28,1.34,NP,1725947870
223,gizo,-8.103,156.8419,27.29,83,68,9.7,SB,1725947870
224,i-n-salah,27.1935,2.4607,32.66,43,22,5.72,DZ,1725947870
225,rio grande,-32.035,-52.0986,16.36,95,99,3.27,BR,1725947442
226,richards bay,-28.783,32.0377,14.26,80,100,2.61,ZA,1725947537
227,bayanhongor,46.7167,100.1167,11.8,21,0,3.67,MN,1725947565
228,pyetrykaw,52.1289,28.4921,16.18,45,87,3.57,BY,1725947871
229,barysaw,54.2312,28.5049,15.25,49,39,4.63,BY,1725947871
230,ghat,24.9647,10.1728,30.83,42,97,2.33,LY,1725947578
231,calama,-22.4667,-68.9333,7.27,6,0,7.72,CL,1725947871
232,el granada,37.5027,-122.4694,15.44,88,100,4.63,US,1725947555
233,saqqez,36.2499,46.2735,27.7,19,0,1.24,IR,1725947871
234,constantia,44.1833,28.65,20.39,74,90,2.83,RO,1725947570
235,natal,-5.795,-35.2094,22.12,88,40,3.09,BR,1725947825
236,waddan,29.1614,16.139,26.48,69,22,5.18,LY,1725947872
237,bubaque,11.2833,-15.8333,26.2,82,100,7.99,GW,1725947872
238,sunrise manor,36.2111,-115.0731,33.87,21,20,2.06,US,1725947872
239,berezniki,59.4152,56.8124,19.7,63,40,0.89,RU,1725947872
240,puerto lempira,15.2667,-83.7667,26.66,88,97,1.74,HN,1725947872
241,pont-sainte-marie,48.3185,4.0945,13.03,82,100,4.12,FR,1725947873
242,yaren,-0.5472,166.916,28.61,74,97,5.47,NR,1725947873
243,guerrero negro,27.9769,-114.0611,22.4,83,43,4.06,MX,1725947824
244,bulnes,-36.7423,-72.2985,8.33,97,100,1.95,CL,1725947873
245,katsuren-haebaru,26.3369,127.8719,31.21,80,75,7.72,JP,1725947873
246,zouerate,22.7187,-12.4521,31.98,38,59,2.72,MR,1725947873
247,betong,5.7743,101.0723,30.52,54,79,2.95,TH,1725947874
248,naze,28.3667,129.4833,30.51,85,96,6.77,JP,1725947874
249,taylor,32.3001,-99.8337,18.4,56,0,3.09,US,1725947583
250,amahai,-3.3333,128.9167,26.37,72,32,2.74,ID,1725947874
251,sitka,57.0531,-135.33,12.94,76,75,0.0,US,1725947550
252,bride,54.3826,-4.3892,12.98,85,92,11.26,IM,1725947874
253,stephenville,32.2207,-98.2023,17.07,67,0,0.0,US,1725947874
254,auki,-8.7676,160.7034,26.19,85,78,2.2,SB,1725947561
255,constitucion,-35.3333,-72.4167,10.96,74,100,3.59,CL,1725947671
256,tazovsky,67.4667,78.7,4.23,56,82,6.32,RU,1725947559
257,borgarnes,64.5383,-21.9206,2.77,72,49,8.09,IS,1725947539
258,jayapura,-2.5333,140.7,30.66,81,74,2.08,ID,1725947875
259,tsiombe,-25.3,45.4833,23.44,71,60,5.15,MG,1725947590
260,tvoroyri,61.5556,-6.8111,8.14,68,100,9.64,FO,1725947875
261,itaituba,-4.2761,-55.9836,24.98,47,10,0.51,BR,1725947876
262,chom thong,18.4174,98.6743,24.56,97,100,1.56,TH,1725947876
263,bardai,11.65,7.2333,23.85,79,52,1.62,NG,1725947876
264,ushtobe,45.2514,77.9838,21.71,27,100,2.65,KZ,1725947876
265,bamboo flat,11.7,92.7167,28.56,78,85,8.76,IN,1725947566
266,floro,61.5996,5.0328,8.98,93,40,3.6,NO,1725947876
267,san juan,-31.5375,-68.5364,17.37,36,50,0.4,AR,1725947876
268,port saint john's,-31.6229,29.5448,14.56,67,96,0.71,ZA,1725947877
269,kone,-21.0595,164.8658,24.3,51,5,2.7,NC,1725947578
270,torbat-e heydariyeh,35.274,59.2195,22.14,8,0,2.91,IR,1725947877
271,tomatlan,19.9333,-105.25,24.27,98,100,1.16,MX,1725947567
272,nadym,65.5333,72.5167,11.26,70,56,3.83,RU,1725947572
273,dowa,-13.654,33.9375,22.15,37,34,4.88,MW,1725947877
274,greenwood,34.1668,-82.1165,16.46,87,0,0.0,US,1725947877
275,klaksvik,62.2266,-6.589,7.68,69,100,8.11,FO,1725947559
276,magadan,59.5667,150.8,10.26,86,100,3.0,RU,1725947878
277,vorgashor,67.5833,63.95,14.65,78,97,5.45,RU,1725947551
278,kara-balta,42.8142,73.8481,23.06,23,80,3.49,KG,1725947878
279,along,28.1667,94.7667,30.61,55,100,0.96,IN,1725947878
280,west island,-12.1568,96.8225,28.99,65,78,5.66,CC,1725947530
281,dem'yanovo,60.3511,47.0842,18.58,58,52,1.49,RU,1725947879
282,nemuro,43.3236,145.575,18.13,89,100,7.8,JP,1725947542
283,porto novo,6.4965,2.6036,24.9,89,100,2.81,BJ,1725947573
284,atyashevo,54.5644,46.0691,23.09,51,74,5.75,RU,1725947879
285,orhangazi,40.4892,29.3089,24.79,57,77,1.79,TR,1725947879
286,karatuzskoye,53.6072,92.8667,12.55,85,100,2.37,RU,1725947570
287,hassi messaoud,31.6804,6.0729,24.92,53,0,5.14,DZ,1725947879
288,hadibu,12.65,54.0333,27.67,72,53,8.31,YE,1725947527
289,filingue,14.3521,3.3168,29.16,61,18,2.85,NE,1725947880
290,port alfred,-33.5906,26.891,14.39,47,31,2.93,ZA,1725947534
291,miguel ahumada,30.6167,-106.5167,22.96,25,0,4.16,MX,1725947880
292,kapuskasing,49.4169,-82.4331,9.0,93,0,1.03,CA,1725947554
293,taft,31.7471,54.2088,24.97,17,0,2.06,IR,1725947880
294,hasaki,35.7333,140.8333,28.19,79,2,4.02,JP,1725947546
295,mossel bay,-34.1831,22.146,7.96,62,4,4.85,ZA,1725947880
296,noyabrsk,63.1994,75.4507,10.56,70,90,6.59,RU,1725947881
297,kathmandu,27.7167,85.3167,29.12,58,20,0.0,NP,1725947515
298,morondava,-20.2833,44.2833,26.75,70,6,3.89,MG,1725947881
299,new norfolk,-42.7826,147.0587,15.13,61,95,3.36,AU,1725947545
300,port douglas,-16.4833,145.4667,24.45,75,18,6.71,AU,1725947881
301,kailua-kona,19.6406,-155.9956,26.98,70,40,2.57,US,1725947585
302,kapa'a,22.0752,-159.319,24.18,77,0,3.6,US,1725947555
303,port moresby,-9.4431,147.1797,28.68,65,40,5.14,PG,1725947881
304,mosjoen,65.836,13.1908,12.29,94,75,0.0,NO,1725947882
305,mariental,-24.6333,17.9667,13.85,21,1,1.87,NA,1725947586
306,saint-francois,46.4154,3.9054,12.04,95,0,2.06,FR,1725947882
307,hard bargain,26.3167,-77.5667,29.27,75,90,3.49,BS,1725947883
308,fort bragg,35.139,-79.006,14.95,93,0,0.0,US,1725947527
309,nguigmi,14.2495,13.1092,28.54,62,30,3.01,NE,1725947540
310,yesan,36.6776,126.8427,30.88,68,25,3.72,KR,1725947883
311,baise city,23.8997,106.6133,28.52,99,99,1.74,CN,1725947883
312,siroki brijeg,43.3833,17.5928,19.51,88,100,3.78,BA,1725947883
313,la carlota,10.4233,122.9208,29.49,74,54,5.31,PH,1725947883
314,brezina,33.0989,1.2608,22.25,52,18,1.61,DZ,1725947884
315,talladega,33.4359,-86.1058,18.87,96,75,1.03,US,1725947884
316,tari,-11.1105,14.3559,18.78,71,64,0.8,AO,1725947884
317,saint-philippe,-21.3585,55.7679,23.19,72,28,4.81,RE,1725947560
318,ta`u,-14.2336,-169.5144,26.53,82,15,10.3,AS,1725947548
319,aktau,43.65,51.2,23.32,41,84,9.81,KZ,1725947552
320,ilhabela,-23.7781,-45.3581,20.88,78,32,1.78,BR,1725947844
321,mhlume,-26.0333,31.85,14.56,76,100,2.81,SZ,1725947884
322,koryazhma,61.3143,47.1691,19.01,58,34,1.66,RU,1725947885
323,severo-yeniseyskiy,60.3725,93.0408,1.35,79,100,5.56,RU,1725947583
324,mora,11.0461,14.1401,24.94,83,96,1.95,CM,1725947885
325,masvingo,-20.0637,30.8277,15.82,83,100,4.33,ZW,1725947885
326,chhala,23.3,72.7667,28.78,66,61,5.13,IN,1725947885
327,tommot,58.9564,126.2925,6.74,95,100,3.63,RU,1725947885
328,east london,-33.0153,27.9116,11.52,66,20,3.09,ZA,1725947432
329,port elizabeth,-33.918,25.5701,11.29,77,0,2.57,ZA,1725947255
330,xinyuan,37.3,99.0,9.52,83,100,2.06,CN,1725947886
331,jesus maria,-30.9815,-64.0942,17.04,57,67,2.31,AR,1725947886
332,holualoa,19.6228,-155.9522,24.91,74,40,2.57,US,1725947564
333,kamina,-8.7386,24.9906,25.98,32,53,1.66,CD,1725947886
334,jingdezhen,29.2947,117.2079,35.98,43,100,3.93,CN,1725947886
335,sur,22.5667,59.5289,35.19,40,16,0.76,OM,1725947886
336,klyuchi,52.2667,79.1667,18.85,64,43,1.37,RU,1725947538
337,sandnessjoen,66.0217,12.6316,13.06,94,75,4.12,NO,1725947560
338,ad dawadimi,24.5077,44.3924,30.64,13,7,3.69,SA,1725947887
339,tara,56.8944,74.371,14.03,61,73,2.27,RU,1725947887
340,borba,-4.3878,-59.5939,27.52,43,82,0.19,BR,1725947887
341,namibe,-15.1961,12.1522,17.89,73,0,0.69,AO,1725947551
342,segezha,63.7415,34.3222,15.69,73,2,4.49,RU,1725947887
343,sao joao da barra,-21.6403,-41.0511,22.38,79,0,9.6,BR,1725947548
344,cole harbour,44.6724,-63.4751,12.62,91,28,1.34,CA,1725947888
345,harstad,68.799,16.5293,17.01,59,100,7.6,NO,1725947888
346,ust'-ilimsk,58.0006,102.6619,4.66,60,98,6.13,RU,1725947561
347,birnin kudu,11.4459,9.4984,24.99,74,90,2.15,NG,1725947888
348,santana,-0.0583,-51.1817,28.1,83,40,2.57,BR,1725947888
349,taulaga,-11.0553,-171.0883,27.64,84,21,10.3,AS,1725947602
350,sidi khaled,34.387,4.9879,24.24,54,0,6.79,DZ,1725947888
351,tralee,52.2704,-9.7026,13.81,92,100,7.02,IE,1725947586
352,riohacha,11.5444,-72.9072,26.95,86,100,2.76,CO,1725947889
353,laguna,38.421,-121.4238,22.08,64,0,3.09,US,1725947536
354,kouroussa,10.65,-9.8833,21.35,98,100,1.61,GN,1725947889
355,la'ie,21.6477,-157.9253,25.66,77,51,0.45,US,1725947540
356,lockwood,45.8191,-108.4149,22.94,28,0,5.14,US,1725947889
357,rajula,21.05,71.4333,30.31,68,45,3.16,IN,1725947889
358,kerikeri,-35.2268,173.9474,16.62,74,100,2.24,NZ,1725947545
359,naama,33.2667,-0.3167,18.82,60,27,2.46,DZ,1725947889
360,vikhorevka,56.1201,101.1636,6.48,48,87,5.73,RU,1725947890
361,kaa-khem,51.6833,94.7333,18.02,38,55,3.34,RU,1725947890
362,nikolayevsk-on-amure,53.1406,140.73,19.64,69,91,7.14,RU,1725947890
363,mpika,-11.8343,31.4529,22.64,41,42,5.68,ZM,1725947890
364,kilju,40.9642,129.3278,28.92,66,75,2.71,KP,1725947890
365,la passe,45.5549,-0.8967,14.1,80,91,3.58,FR,1725947530
366,dzuunmod,48.2199,97.3744,12.76,25,0,3.11,MN,1725947890
367,freeport,40.6576,-73.5832,20.54,70,100,5.14,US,1725947544
368,egletons,45.4034,2.0507,9.64,97,81,0.98,FR,1725947891
369,levelland,33.5873,-102.378,18.22,50,0,4.08,US,1725947818
370,robertsport,6.7533,-11.3686,23.69,90,100,1.85,LR,1725947891
371,toliara,-23.35,43.6667,26.17,57,1,6.22,MG,1725947891
372,aitape,-3.1374,142.3475,28.79,73,47,2.39,PG,1725947891
373,bandundu,-3.3167,17.3667,26.82,69,30,1.48,CD,1725947891
374,kudahuvadhoo,2.6708,72.8944,28.48,73,35,3.8,MV,1725947892
375,suntar,62.1444,117.6319,13.66,64,59,2.29,RU,1725947555
376,quang ngai,15.1167,108.8,34.14,53,100,3.66,VN,1725947892
377,owando,-0.4819,15.8999,24.17,90,40,0.68,CG,1725947892
378,ponnani,10.767,75.9252,27.32,84,97,4.98,IN,1725947892
379,arkhangel'sk,64.5401,40.5433,15.06,77,20,1.0,RU,1725947892
380,serenje,-13.2325,30.2352,23.19,35,6,6.31,ZM,1725947892
381,esmeraldas,-19.7625,-44.3139,15.54,57,0,1.95,BR,1725947892
382,jabat,7.75,168.9751,25.67,92,100,4.96,MH,1725947893
383,cooma,-36.2333,149.1333,20.03,29,0,3.45,AU,1725947893
384,ararat,39.8317,44.7049,27.02,35,67,3.69,AM,1725947893
385,tazacorte,28.629,-17.9293,22.54,76,100,5.66,ES,1725947536
386,ilabaya,-17.4208,-70.5133,19.93,36,100,0.5,PE,1725947893
387,hithadhoo,-0.6,73.0833,28.33,71,0,2.99,MV,1725947551
388,saipan,15.1355,145.701,31.39,74,20,10.29,MP,1725947535
389,kununurra,-15.7667,128.7333,36.99,20,42,6.69,AU,1725947576
390,san matias,-16.3667,-58.4,25.58,21,2,0.06,BO,1725947894
391,altamont,42.2068,-121.7372,16.91,60,0,3.6,US,1725947894
392,isla vista,34.4133,-119.861,31.83,34,0,3.03,US,1725947894
393,salinas,36.6777,-121.6555,16.29,87,100,2.06,US,1725947894
394,porteirinha,-15.7433,-43.0283,16.76,70,0,2.8,BR,1725947894
395,piton saint-leu,-21.2196,55.3151,24.06,61,20,8.75,RE,1725947894
396,mitu,1.1983,-70.1733,22.71,88,43,1.05,CO,1725947894
397,caleta de carquin,-11.0925,-77.6267,16.07,88,15,3.14,PE,1725947532
398,qaqortoq,60.7167,-46.0333,5.45,67,94,0.96,GL,1725947546
399,mugia,43.1041,-9.2179,16.62,77,76,7.63,ES,1725947895
400,hwange,-18.3693,26.5019,24.49,41,2,4.42,ZW,1725947895
401,dabakala,8.3667,-4.4333,21.26,97,27,1.36,CI,1725947895
402,dudinka,69.4058,86.1778,2.69,88,100,7.63,RU,1725947535
403,tromso,69.6496,18.957,18.01,48,0,5.14,NO,1725947895
404,chenaran,36.6455,59.1212,18.72,18,0,3.14,IR,1725947895
405,kolonia town,6.964,158.206,30.0,79,100,2.57,FM,1725947896
406,altania,-23.8744,-53.9017,23.14,35,93,3.25,BR,1725947801
407,youkounkoun,12.5333,-13.1333,22.19,97,100,1.51,GN,1725947896
408,carutapera,-1.195,-46.02,25.72,78,17,4.41,BR,1725947896
409,tiquipaya,-17.3382,-66.2189,14.4,38,64,3.09,BO,1725947896
410,tadine,-21.55,167.8833,21.9,70,10,6.42,NC,1725947544
411,cudillero,43.5622,-6.1459,17.34,83,100,1.03,ES,1725947896
412,severobaykal'sk,55.65,109.3167,8.52,61,69,3.56,RU,1725947897
413,valley city,46.9233,-98.0032,20.13,50,65,4.92,US,1725947897
414,rajgarh,28.6333,75.3833,34.55,45,2,0.62,IN,1725947897
415,piti village,13.4626,144.6933,29.06,88,100,10.34,GU,1725947591
416,puerto aysen,-45.4,-72.7,3.41,99,100,1.72,CL,1725947897
417,zayed city,24.3768,54.589,34.08,73,20,2.57,AE,1725947897
418,boke,10.9409,-14.2967,22.7,98,100,1.37,GN,1725947897
419,villa angela,-27.5738,-60.7153,20.66,63,27,2.8,AR,1725947686
420,biltine,14.5333,20.9167,27.91,60,91,1.4,TD,1725947898
421,longgang,37.6508,120.3286,23.35,79,91,9.42,CN,1725947898
422,lycksele,64.5954,18.6735,14.93,72,20,4.63,SE,1725947898
423,embi,48.8264,58.1442,25.0,33,51,2.54,KZ,1725947898
424,martil,35.6166,-5.2752,20.98,68,0,3.6,MA,1725947899
425,mastic beach,40.7668,-72.8521,19.49,79,0,2.06,US,1725947899
426,suixi,33.8907,116.7747,33.6,55,17,3.94,CN,1725947899
427,katabu,-4.9333,122.5167,33.34,33,12,2.98,ID,1725947899
428,vallegrande,-18.4897,-64.1069,12.79,60,91,1.63,BO,1725947899
429,santa cruz,-17.8,-63.1667,24.7,78,94,2.57,BO,1725947738
430,kralendijk,12.15,-68.2667,29.0,81,100,7.53,BQ,1725947533
431,nouadhibou,20.931,-17.0347,22.33,86,100,5.58,MR,1725947597
432,marsabit,2.3284,37.9899,19.4,64,51,9.07,KE,1725947900
433,vernon,50.2581,-119.2691,16.74,55,77,3.09,CA,1725947900
434,moree,-29.4667,149.85,24.8,24,0,3.12,AU,1725947900
435,awjilah,29.1081,21.2869,30.17,33,26,3.12,LY,1725947900
436,chibougamau,49.9168,-74.3659,5.79,100,100,3.6,CA,1725947900
437,letterkenny,54.95,-7.7333,8.65,82,88,5.34,IE,1725947900
438,north bend,43.4065,-124.2243,15.13,94,100,6.69,US,1725947900
439,el colomo,19.05,-104.25,23.47,96,100,2.44,MX,1725947901
440,antalaha,-14.9003,50.2788,25.33,64,96,3.71,MG,1725947595
441,hamilton,39.1834,-84.5333,15.47,72,0,1.54,US,1725947357
442,capri,40.5507,14.2426,23.22,83,40,2.06,IT,1725947901
443,covington,39.0837,-84.5086,15.13,74,0,0.0,US,1725947901
444,itagi,-14.1628,-40.0061,18.6,99,92,0.95,BR,1725947901
445,saldanha,-33.0117,17.9442,10.03,64,0,5.16,ZA,1725947901
446,kargil,34.5667,76.1,12.56,29,2,1.27,IN,1725947901
447,labytnangi,66.6572,66.4183,15.31,73,54,4.51,RU,1725947902
448,ryotsu-minato,38.0833,138.4333,29.25,65,2,1.37,JP,1725947902
449,gillette,44.2911,-105.5022,18.3,38,0,3.09,US,1725947902
450,coquimbo,-29.9533,-71.3436,12.21,78,0,2.57,CL,1725947902
451,pitimbu,-7.4706,-34.8086,23.87,78,52,6.45,BR,1725947902
452,lisala,2.15,21.5167,22.58,95,45,0.71,CD,1725947902
453,santa elena de uairen,4.6167,-61.1333,21.25,71,91,1.6,VE,1725947565
454,tando muhammad khan,25.123,68.5358,32.27,56,11,6.72,PK,1725947903
455,lander,42.833,-108.7307,22.45,17,0,7.2,US,1725947903
456,bereznik,62.8551,42.7072,17.39,61,73,2.33,RU,1725947903
457,ar ruways,24.1103,52.7306,37.17,36,3,3.35,AE,1725947903
458,trinity beach,-16.7888,145.6968,27.94,57,40,9.26,AU,1725947903
459,jumla,29.2747,82.1838,22.82,51,3,2.66,NP,1725947554
460,tortoli,39.9256,9.6572,23.41,60,0,12.35,IT,1725947903
461,guozhen,34.3659,107.359,28.81,39,65,1.8,CN,1725947583
462,sokcho,38.2083,128.5911,30.34,66,20,3.09,KR,1725947904
463,champasak,14.75,106.0,31.11,68,100,1.1,LA,1725947904
464,freetown,8.484,-13.2299,23.85,89,100,0.66,SL,1725947578
465,harper,4.375,-7.7169,24.21,87,100,2.32,LR,1725947904
466,port lincoln,-34.7333,135.8667,16.74,57,100,1.75,AU,1725947540
467,nar'yan-mar,67.6713,53.087,17.71,68,10,5.67,RU,1725947541
468,benghazi,32.1167,20.0667,27.9,72,34,6.43,LY,1725947904
469,celica,-4.1167,-79.95,13.32,76,3,0.87,EC,1725947905
470,dawson creek,55.7666,-120.2362,10.8,66,0,3.09,CA,1725947905
471,dryden,49.7833,-92.7503,18.16,82,20,3.6,CA,1725947905
472,rio de janeiro,-22.9028,-43.2075,22.98,83,0,1.54,BR,1725947838
473,mili,6.0815,171.735,26.84,85,100,3.32,MH,1725947905
474,gafsa,34.425,8.7842,23.12,64,20,4.63,TN,1725947905
475,vila velha,-20.3297,-40.2925,21.97,89,20,2.57,BR,1725947405
476,tosontsengel,48.7567,98.2839,14.34,28,1,5.84,MN,1725947906
477,pemalang,-6.9,109.3667,31.39,56,55,3.34,ID,1725947906
478,makarska,43.2969,17.0178,20.78,70,85,5.81,HR,1725947906
479,brooks,50.5834,-111.8851,13.99,44,81,4.63,CA,1725947906
480,oum hadjer,13.2954,19.6966,25.88,74,100,2.77,TD,1725947584
481,huarmey,-10.0681,-78.1522,16.67,89,28,3.73,PE,1725947906
482,carloforte,39.145,8.3058,23.57,67,1,13.91,IT,1725947906
483,persembe,41.0656,37.7714,24.73,68,19,0.79,TR,1725947906
484,wasaga beach,44.5168,-80.0164,11.72,94,0,1.47,CA,1725947907
485,centralia,46.7162,-122.9543,15.11,94,0,0.0,US,1725947676
486,peniche,39.3558,-9.3811,17.34,95,0,6.48,PT,1725947907
487,funafuti,-8.5243,179.1942,28.0,94,75,5.14,TV,1725947907
488,haiku-pauwela,20.9219,-156.3051,25.01,75,20,3.6,US,1725947556
489,asbe teferi,9.0833,40.8667,20.29,71,51,2.15,ET,1725947907
490,troitsko-pechorsk,62.7084,56.1964,17.88,67,18,2.59,RU,1725947907
491,mansehra,34.3333,73.2,28.26,42,0,1.2,PK,1725947907
492,usinsk,65.9939,57.5281,16.87,68,41,6.11,RU,1725947908
493,magdagachi,53.45,125.8,11.33,67,100,7.11,RU,1725947908
494,manado,1.487,124.8455,32.43,66,40,2.06,ID,1725947908
495,gombi,10.1614,12.7399,21.65,94,94,1.56,NG,1725947908
496,puerto colombia,10.9878,-74.9547,29.05,84,100,3.39,CO,1725947908
497,sidi bouzid,35.0382,9.4849,22.34,56,24,3.72,TN,1725947908
498,kayangel,8.0823,134.7173,29.38,74,46,4.7,PW,1725947533
499,concepcion del oro,24.6333,-101.4167,14.83,53,100,1.34,MX,1725947909
500,taroa,8.7058,171.2275,26.92,84,100,4.64,MH,1725947909
501,villa ojo de agua,-29.5,-63.6938,18.05,55,65,3.52,AR,1725947909
502,kidal,18.4411,1.4078,30.61,44,27,3.13,ML,1725947588
503,zele,51.067,4.0349,12.8,93,66,4.72,BE,1725947909
504,la rioja,42.25,-2.5,11.88,89,57,1.61,ES,1725947337
505,puerto santa,-8.9906,-78.6456,15.88,92,24,3.69,PE,1725947909
506,sinabang,2.4803,96.3801,30.7,63,74,1.59,ID,1725947909
507,wardha,20.75,78.6167,24.2,95,100,7.12,IN,1725947660
508,san felipe,10.3399,-68.7425,23.0,86,90,2.2,VE,1725947910
509,al jawf,29.5,38.75,28.59,35,0,2.81,SA,1725947541
510,manokwari,-0.8667,134.0833,28.94,72,100,4.38,ID,1725947910
511,faya-largeau,17.9257,19.1043,34.15,29,11,2.14,TD,1725947910
512,palikir - national government center,6.9248,158.1611,29.41,79,100,2.57,FM,1725947539
513,sogndal,61.2283,7.1003,10.21,76,75,5.66,NO,1725947911
514,kiunga,-6.1219,141.2906,28.31,64,91,1.55,PG,1725947911
515,sao joao do paraiso,-15.3136,-42.0144,14.64,96,0,2.33,BR,1725947911
516,hafnarfjordur,64.0671,-21.9377,4.93,65,75,12.86,IS,1725947911
517,geraldton,-28.7667,114.6,21.23,68,0,8.75,AU,1725947558
518,santander,43.4647,-3.8044,18.03,85,75,1.54,ES,1725947912
519,mata-utu,-13.2816,-176.1745,26.97,85,15,8.18,WF,1725947912
520,malango,-2.9627,119.9001,28.74,47,51,2.49,ID,1725947526
521,tracy,37.7397,-121.4252,22.83,63,2,0.45,US,1725947912
522,east ballina,-28.8667,153.5833,21.08,65,67,5.12,AU,1725947566
523,guadalajara,20.6667,-103.3333,18.57,68,100,0.83,MX,1725947717
524,talagutong,6.2644,125.6678,27.72,82,100,1.24,PH,1725947912
525,luderitz,-26.6481,15.1594,12.69,64,1,3.8,NA,1725947543
526,viesite,56.3475,25.5551,15.58,47,100,4.77,LV,1725947913
527,cafayate,-26.073,-65.9761,16.96,43,41,1.4,AR,1725947913
528,khanty-mansiysk,61.0042,69.0019,13.06,54,0,3.0,RU,1725947913
529,kencong,-8.2833,113.3667,29.74,60,6,4.7,ID,1725947913
530,pak chong,14.708,101.4161,31.01,73,86,5.29,TH,1725947913
531,novofedorivka,46.1713,32.3178,21.93,70,48,2.22,UA,1725947914
532,burgersdorp,-30.9977,26.3286,5.72,67,0,1.48,ZA,1725947914
533,port macquarie,-31.4333,152.9167,20.6,61,0,0.45,AU,1725947323
534,vieste,41.8825,16.175,23.7,74,67,7.26,IT,1725947914
535,mount pearl,47.5166,-52.7813,15.64,89,100,5.14,CA,1725947495
536,nizhneangarsk,55.7833,109.55,8.29,59,70,4.63,RU,1725947559
537,fort mcmurray,56.7268,-111.381,11.77,76,100,6.69,CA,1725947914
538,pisco,-13.7,-76.2167,16.03,88,75,1.54,PE,1725947914
539,bosobolo,4.1833,19.9,23.35,92,61,1.3,CD,1725947915
540,rukungiri,-0.8411,29.9419,22.07,58,68,0.55,UG,1725947915
541,ghadamis,30.1337,9.5007,28.4,61,2,3.41,LY,1725947915
542,walvis bay,-22.9575,14.5053,11.56,81,0,1.1,NA,1725947915
543,yelizovo,53.1873,158.3805,18.08,45,20,5.0,RU,1725947915
544,saynshand,44.8824,110.1163,20.86,17,0,3.54,MN,1725947916
545,okhotsk,59.3833,143.3,11.27,79,100,14.3,RU,1725947533
546,mabai,23.0128,104.4508,19.34,90,100,1.7,CN,1725947916
547,dolores,-36.3132,-57.6792,12.43,93,99,4.67,AR,1725947588
548,miri,4.4148,114.0089,33.08,66,40,3.6,MY,1725947917
549,satipo,-11.2522,-74.6386,22.72,60,33,1.3,PE,1725947917
550,karatas,36.582,35.3701,28.24,64,0,2.28,TR,1725947917
551,cedar falls,42.5278,-92.4455,15.7,80,25,1.34,US,1725947896
552,ain sukhna,29.6002,32.3167,28.11,53,0,1.71,EG,1725947917
553,labrador city,52.9463,-66.9114,7.95,86,100,4.92,CA,1725947917
554,polygyros,40.3744,23.4383,19.81,64,100,1.6,GR,1725947917
555,karymskoye,51.6167,114.35,18.8,34,23,7.34,RU,1725947917
556,palmer,42.1584,-72.3287,15.29,86,100,0.0,US,1725947917
557,revda,56.801,59.9303,18.29,65,73,1.52,RU,1725947918
558,puerto armuelles,8.2833,-82.8667,23.94,91,100,2.24,PA,1725947560
559,santa ana,33.7456,-117.8678,29.95,39,75,2.57,US,1725947918
560,necochea,-38.5473,-58.7368,7.75,78,34,2.61,AR,1725947816
561,vila franca do campo,37.7167,-25.4333,21.23,99,49,2.96,PT,1725947603
562,wagga wagga,-35.1167,147.3667,19.48,48,0,0.45,AU,1725947918
563,lata,40.1629,-8.3327,10.95,96,2,0.8,PT,1725947545
564,nanping,26.645,118.1736,34.15,49,30,1.84,CN,1725947919
565,taro,-8.3862,115.28,28.68,55,55,2.01,ID,1725947546
566,tres arroyos,-38.3739,-60.2798,7.43,83,39,3.49,AR,1725947919
567,coyhaique,-45.5752,-72.0662,1.5,97,95,2.46,CL,1725947919
568,ziro,27.6333,93.8333,25.01,64,100,1.51,IN,1725947919
569,dauphin,51.1494,-100.0502,25.08,57,75,7.2,CA,1725947920
570,shingu,33.7333,135.9833,29.27,73,31,2.56,JP,1725947920
571,yashkul',46.1711,45.3435,25.19,40,95,9.44,RU,1725947920
572,tolanaro,-25.0319,46.9987,23.04,88,20,6.17,MG,1725947589
573,valle de la pascua,9.2155,-66.0073,23.5,89,56,0.52,VE,1725947920
574,altamira,-3.2033,-52.2064,26.62,65,100,3.31,BR,1725947920
575,guiuan,11.0333,125.7247,29.65,72,79,5.02,PH,1725947569
576,miandrivazo,-19.5167,45.4667,29.86,47,0,0.41,MG,1725947920
577,neyriz,29.1988,54.3278,28.18,14,0,3.07,IR,1725947920
578,luganville,-15.5333,167.1667,25.1,78,41,5.23,VU,1725947921
579,sinop,41.7711,34.8709,24.24,55,27,3.59,TR,1725947682
580,malvan,16.0667,73.4667,28.01,82,100,6.09,IN,1725947585
581,kirakira,-10.4544,161.9205,26.88,80,44,6.22,SB,1725947567
582,aripuana,-9.1667,-60.6333,25.28,36,6,0.84,BR,1725947921
583,uryv-pokrovka,51.1159,39.1639,20.82,45,100,6.36,RU,1725947921
584,fortuna,40.5982,-124.1573,14.64,96,100,0.0,US,1725947531
585,tanout,14.9709,8.8879,30.18,43,61,2.19,NE,1725947922
586,motomachi,43.8228,144.1044,27.01,54,75,7.72,JP,1725947922
587,hami,42.8,93.45,27.51,9,0,1.28,CN,1725947922
588,uturoa,-16.7333,-151.4333,25.26,76,17,9.09,PF,1725947556
589,andorra,42.5,1.5,9.87,70,4,3.98,AD,1725947922
590,am timan,11.0297,20.2827,23.86,86,99,0.93,TD,1725947922
591,ghanzi,-21.5667,21.7833,21.42,20,0,2.28,BW,1725947567
592,magistral'nyy,56.1725,107.4458,8.48,46,76,5.41,RU,1725947923
593,mana,5.6592,-53.7767,24.33,88,71,3.78,GF,1725947923
