City,Lat,Lng,Max Temp,Humidity,Cloudiness,Wind Speed,Country,Date
new norfolk,-42.7826,147.0587,19.28,56,0,4.85,AU,1725500821
ushuaia,-54.8,-68.3,8.81,46,40,6.17,AR,1725500607
edinburgh of the seven seas,-37.0676,-12.3116,10.17,61,85,5.26,SH,1725500821
yellowknife,62.456,-114.3525,14.12,70,75,2.06,CA,1725500821
adamstown,-25.066,-130.1015,18.5,53,55,5.97,PN,1725500821
jamestown,42.097,-79.2353,18.8,55,0,2.57,US,1725500821
puerto natales,-51.7236,-72.4875,3.66,78,34,2.87,CL,1725500821
rawson,-43.3002,-65.1023,6.16,36,0,1.54,AR,1725500822
isafjordur,66.0755,-23.124,9.13,96,100,5.04,IS,1725500822
tiksi,71.6872,128.8694,2.16,99,100,5.13,RU,1725500822
tazovsky,67.4667,78.7,4.54,80,99,3.28,RU,1725500822
san pablo villa de mitla,16.9167,-96.4,18.05,89,40,3.18,MX,1725500822
embi,48.8264,58.1442,10.66,69,44,5.7,KZ,1725500822
vorgashor,67.5833,63.95,5.84,96,81,3.3,RU,1725500822
al jawf,29.5,38.75,24.27,33,0,3.74,SA,1725500822
ketchikan,55.3422,-131.6461,16.3,74,99,1.56,US,1725500823
vilyuchinsk,52.9306,158.4028,20.15,63,100,3.26,RU,1725500823
georgetown,5.4112,100.3354,29.96,82,20,2.24,MY,1725500710
timaru,-44.4,171.25,12.92,50,100,3.46,NZ,1725500823
karratha,-20.7377,116.8463,25.94,44,76,7.7,AU,1725500823
hawaiian paradise park,19.5933,-154.9731,27.73,75,20,5.14,US,1725500823
invercargill,-46.4,168.35,16.12,56,64,4.92,NZ,1725500824
gorontalo,0.5412,123.0595,31.46,59,11,2.47,ID,1725500824
puerto ayora,-0.7393,-90.3518,20.31,94,64,2.24,EC,1725500824
chonchi,-42.6128,-73.8092,5.62,86,100,1.39,CL,1725500824
west island,-12.1568,96.8225,26.99,69,20,5.66,CC,1725500824
whitehorse,60.7161,-135.0538,12.79,66,100,9.77,CA,1725500825
vondrozo,-22.8167,47.2833,15.31,99,87,0.47,MG,1725500825
alice springs,-23.7,133.8833,29.75,26,3,9.26,AU,1725500825
tyukhtet,56.5389,89.3011,8.84,95,100,3.1,RU,1725500825
port-aux-francais,-49.35,70.2167,5.23,89,98,17.62,TF,1725500825
east london,-33.0153,27.9116,17.41,89,100,1.5,ZA,1725500825
mirny,62.5353,113.9611,5.95,92,100,1.35,RU,1725500826
quellon,-43.1167,-73.6167,6.24,81,100,3.65,CL,1725500826
margaret river,-33.95,115.0667,10.08,71,99,9.68,AU,1725500826
iqaluit,63.7506,-68.5145,2.85,93,100,6.71,CA,1725500826
herval,-32.0236,-53.3956,6.82,95,82,0.91,BR,1725500826
arraial do cabo,-22.9661,-42.0278,21.8,93,1,8.55,BR,1725500826
bilibino,68.0546,166.4372,2.17,100,100,1.68,RU,1725500826
utrik,11.2278,169.8474,28.82,82,100,9.57,MH,1725500826
andkhoy,36.9529,65.1238,21.55,13,0,2.83,AF,1725500827
vadso,70.0744,29.7487,14.09,88,20,5.14,NO,1725500827
college,64.8569,-147.8028,16.78,61,75,1.54,US,1725500827
porto seguro,-16.4497,-39.0647,24.29,78,0,4.63,BR,1725500827
anadyr,64.75,177.4833,12.28,76,20,6.0,RU,1725500827
bedarieux,43.6155,3.1571,15.61,80,100,6.4,FR,1725500827
tindouf,27.6711,-8.1474,35.25,24,40,3.09,DZ,1725500827
geneina,13.45,22.45,21.78,91,100,1.98,SD,1725500827
grytviken,-54.2811,-36.5092,0.36,85,70,4.45,GS,1725500828
copiapo,-27.3667,-70.3333,15.74,60,0,0.1,CL,1725500357
papatowai,-46.5619,169.4708,14.46,57,100,2.74,NZ,1725500828
saipan,15.1355,145.701,30.39,79,40,4.12,MP,1725500828
sitka,57.0531,-135.33,13.94,82,100,4.63,US,1725500828
shinjo,38.7586,140.3008,28.8,54,2,2.07,JP,1725500651
qaqortoq,60.7167,-46.0333,4.85,95,100,1.89,GL,1725500828
holtville,32.8112,-115.3803,45.93,14,0,2.34,US,1725500828
saacow,1.6279,42.4407,23.55,85,13,4.81,SO,1725500829
waitangi,-43.9535,-176.5597,11.01,72,6,2.68,NZ,1725500829
olonkinbyen,70.9221,-8.7187,5.41,93,100,8.87,SJ,1725500829
la ronge,55.1001,-105.2842,14.14,72,40,2.06,CA,1725500829
kirakira,-10.4544,161.9205,27.16,78,25,7.88,SB,1725500829
dunedin,-45.8742,170.5036,13.78,51,50,2.35,NZ,1725500830
pariaman,-0.619,100.12,27.03,77,77,0.98,ID,1725500830
touros,-5.1989,-35.4608,23.3,84,22,5.91,BR,1725500830
selfoss,63.9331,-20.9971,11.14,99,100,6.6,IS,1725500830
thompson,55.7435,-97.8558,9.09,76,20,1.03,CA,1725500830
carnarvon,-24.8667,113.6333,19.98,53,84,9.2,AU,1725500830
caleta de carquin,-11.0925,-77.6267,15.97,83,57,4.77,PE,1725500830
howard springs,-12.497,131.047,31.1,56,28,4.33,AU,1725500831
tenkodogo,11.78,-0.3697,23.35,90,100,4.27,BF,1725500831
brisas de zicatela,15.8369,-97.0419,27.87,80,45,0.66,MX,1725500831
ometepec,16.6833,-98.4167,23.28,91,88,0.35,MX,1725500831
punta arenas,-53.15,-70.9167,7.06,61,20,15.43,CL,1725500729
penzance,50.1186,-5.5371,11.38,74,40,5.59,GB,1725500831
bethel,41.3712,-73.414,16.44,86,0,1.54,US,1725500831
ilulissat,69.2167,-51.1,5.01,100,100,0.0,GL,1725500832
iskateley,67.6803,53.1512,10.24,94,76,5.41,RU,1725500832
blackmans bay,-43.0167,147.3167,18.62,56,8,3.4,AU,1725500832
camocim,-2.9022,-40.8411,25.28,75,91,7.64,BR,1725500832
arvayheer,46.2639,102.775,13.84,41,0,4.23,MN,1725500832
afaahiti,-17.75,-149.2833,23.01,81,74,8.46,PF,1725500832
sechura,-5.5569,-80.8222,16.79,81,2,6.72,PE,1725500833
topki,55.2769,85.6163,8.65,98,100,4.27,RU,1725500794
igarka,67.4667,86.5833,4.57,68,91,5.64,RU,1725500833
castro,-24.7911,-50.0119,19.46,30,4,2.32,BR,1725500681
namibe,-15.1961,12.1522,17.47,89,0,1.61,AO,1725500833
korsakov,46.6328,142.7813,19.91,89,100,7.89,RU,1725500833
ujae,8.9322,165.7642,28.49,81,100,8.84,MH,1725500833
fale old settlement,-9.3852,-171.2468,27.9,78,87,6.59,TK,1725500833
galesong,-5.3166,119.3661,29.46,59,12,0.7,ID,1725500834
mishelevka,52.8575,103.1719,14.44,61,37,2.55,RU,1725500834
bredasdorp,-34.5322,20.0403,8.87,91,100,3.02,ZA,1725500834
twin falls,42.3505,-114.6445,23.19,33,0,2.06,US,1725500834
boueni,-12.9025,45.0761,24.99,76,18,5.43,YT,1725500834
ghadamis,30.1337,9.5007,31.56,32,2,4.91,LY,1725500834
kill devil hills,36.0307,-75.676,23.32,80,0,5.66,US,1725500834
chiang klang,19.2938,100.8617,26.42,93,100,0.67,TH,1725500760
howrah,22.5892,88.3103,30.0,84,40,0.0,IN,1725500834
smirnovo,54.5125,69.4222,8.34,90,100,7.26,KZ,1725500835
khandyga,62.6667,135.6,11.99,79,100,2.75,RU,1725500835
rundu,-17.9333,19.7667,13.21,26,1,2.1,NA,1725500835
stanley,54.868,-1.6985,12.51,93,75,4.12,GB,1725500835
guerrero negro,27.9769,-114.0611,20.93,88,8,7.37,MX,1725500835
lu-uk,5.9684,121.3122,29.55,67,98,1.91,PH,1725500835
jiazi,22.8779,116.067,29.06,79,81,13.37,CN,1725500835
tamanrasset,22.785,5.5228,23.95,64,20,6.69,DZ,1725500835
polyarnyy,69.1989,33.4478,15.39,63,100,7.93,RU,1725500835
hamilton,39.1834,-84.5333,24.3,60,0,0.45,US,1725500836
ciudad lazaro cardenas,17.9583,-102.2,28.2,75,69,0.7,MX,1725500836
kikwit,-5.041,18.8162,23.6,77,83,1.0,CD,1725500836
port mathurin,-19.6833,63.4167,22.2,81,16,8.88,MU,1725500836
minas de marcona,-15.2119,-75.1103,9.84,87,68,5.71,PE,1725500836
sretensk,52.2453,117.7093,15.85,39,27,4.34,RU,1725500836
cill airne,52.05,-9.5167,8.0,98,24,2.11,IE,1725500836
katsuren-haebaru,26.3369,127.8719,31.01,79,75,1.54,JP,1725500836
g'azalkent,41.5581,69.7708,20.99,13,14,2.27,UZ,1725500839
al khaburah,23.9886,57.0984,28.66,75,7,0.6,OM,1725500839
albany,42.6001,-73.9662,16.62,64,0,1.27,US,1725500839
guelendeng,10.9176,15.5501,23.11,92,100,2.03,TD,1725500839
nar'yan-mar,67.6713,53.087,10.26,94,76,5.39,RU,1725500840
karonga,-9.9333,33.9333,18.62,77,12,2.29,MW,1725500840
naze,28.3667,129.4833,28.51,74,34,4.46,JP,1725500648
liaoyuan,42.9036,125.1358,17.14,93,100,2.21,CN,1725500840
quepos,9.4236,-84.1652,26.63,85,100,0.77,CR,1725500840
oxford,51.7522,-1.256,12.92,90,100,3.6,GB,1725500810
ribeira grande,38.5167,-28.7,22.65,69,57,4.92,PT,1725500841
avarua,-21.2078,-159.775,26.03,83,40,2.57,CK,1725500841
wailua homesteads,22.0669,-159.378,28.44,70,20,4.12,US,1725500841
enewetak,11.3474,162.3373,29.15,78,100,7.5,MH,1725500841
prainha,-1.8,-53.48,27.49,46,17,1.38,BR,1725500842
jiayuguan,39.8167,98.3,15.63,50,100,2.17,CN,1725500842
banda aceh,5.5577,95.3222,29.1,70,97,6.06,ID,1725500666
kasama,-10.2129,31.1808,12.13,63,5,1.91,ZM,1725500842
bay roberts,47.5999,-53.2648,13.29,91,7,3.25,CA,1725500842
atafu village,-8.5421,-172.5159,27.83,79,74,6.84,TK,1725500842
hermanus,-34.4187,19.2345,9.89,78,47,4.02,ZA,1725500842
port elizabeth,-33.918,25.5701,15.16,85,100,4.63,ZA,1725500842
nova sintra,14.8667,-24.7167,26.88,87,96,2.47,CV,1725500843
mount isa,-20.7333,139.5,27.87,44,88,6.17,AU,1725500843
manado,1.487,124.8455,32.43,55,20,1.54,ID,1725500843
saldanha,-33.0117,17.9442,11.03,73,42,7.2,ZA,1725500843
petropavlovsk-kamchatsky,53.0452,158.6483,19.33,56,20,3.0,RU,1725500843
kangding,30.0513,101.9603,16.53,93,100,1.94,CN,1725500843
ghanzi,-21.5667,21.7833,14.07,26,6,2.99,BW,1725500844
nkhata bay,-11.6066,34.2907,18.79,67,59,3.05,MW,1725500844
zangilan,39.0883,46.6512,20.67,51,0,1.46,AZ,1725500844
mezhova,48.2532,36.7347,21.83,21,100,5.95,UA,1725500846
inarajan village,13.2736,144.7484,25.54,73,98,3.73,GU,1725500846
hauterive,46.0901,3.4459,14.98,98,100,3.99,FR,1725500847
turkmenbasy,40.0222,52.9552,21.43,13,0,3.09,TM,1725500847
dryden,49.7833,-92.7503,18.16,94,100,2.06,CA,1725500847
reyes,-14.3167,-67.3833,25.36,41,1,0.81,BO,1725500847
lakatoro,-16.0999,167.4164,25.96,57,94,8.61,VU,1725500848
ixtapa,20.7,-105.2,28.57,79,100,2.57,MX,1725500849
massakory,12.996,15.7293,25.57,77,100,3.2,TD,1725500849
constantia,44.1833,28.65,17.61,65,6,5.51,RO,1725500645
den burg,53.0542,4.7972,17.98,88,100,3.09,NL,1725500849
bubaque,11.2833,-15.8333,26.64,85,92,9.19,GW,1725500849
kasempa,-13.4584,25.8338,13.58,51,14,2.99,ZM,1725500850
hithadhoo,-0.6,73.0833,27.83,74,100,2.58,MV,1725500850
acarau,-2.8856,-40.12,25.27,78,98,7.42,BR,1725500850
katsuura,35.1333,140.3,26.12,83,39,5.57,JP,1725500554
st. john's,47.5649,-52.7093,14.43,82,75,5.66,CA,1725500713
la grande,45.3246,-118.0877,23.51,29,0,2.18,US,1725500601
alaghsas,17.0187,8.0168,26.57,68,98,2.72,NE,1725500850
zango,13.0515,8.4877,23.92,78,12,2.77,NG,1725500850
hirara,24.8,125.2833,31.92,84,75,4.63,JP,1725500851
neiafu,-18.65,-173.9833,26.38,61,20,6.69,TO,1725500851
puerto baquerizo moreno,-0.9,-89.6,20.89,85,77,5.73,EC,1725500851
prado,-17.3411,-39.2208,22.73,84,0,4.13,BR,1725500851
redencao,-4.2258,-38.7306,23.32,86,72,1.62,BR,1725500851
caister-on-sea,52.6481,1.7265,13.35,91,100,4.86,GB,1725500852
tabou,4.423,-7.3528,24.41,84,100,4.99,CI,1725500852
timmins,48.4669,-81.3331,21.9,53,75,5.14,CA,1725500762
greymouth,-42.4667,171.2,11.59,70,84,2.11,NZ,1725500852
lerwick,60.1545,-1.1494,11.58,90,1,3.98,GB,1725500853
gawler,-34.6,138.7333,24.24,33,100,7.78,AU,1725500853
colchani,-20.3,-66.9333,6.95,22,0,4.86,BO,1725500853
aasiaat,68.7098,-52.8699,3.39,96,100,2.48,GL,1725500853
thunder bay,48.4001,-89.3168,20.99,60,100,3.6,CA,1725500649
palikir - national government center,6.9248,158.1611,31.41,66,20,2.57,FM,1725500853
portland,45.5234,-122.6762,32.96,46,0,4.12,US,1725500522
sisimiut,66.9395,-53.6735,5.11,98,99,2.64,GL,1725500854
margate,51.3813,1.3862,17.05,85,100,0.89,GB,1725500854
antofagasta,-23.65,-70.4,13.6,87,82,2.41,CL,1725500748
kourou,5.1552,-52.6478,26.59,84,68,2.37,GF,1725500854
longyearbyen,78.2186,15.6401,7.91,93,100,1.03,SJ,1725500854
omdurman,15.6445,32.4777,27.25,70,100,7.6,SD,1725500855
rikaze,29.25,88.8833,14.75,46,100,0.81,CN,1725500855
cidreira,-30.1811,-50.2056,12.59,94,100,9.24,BR,1725500855
keflavik,64.0049,-22.5624,11.24,100,100,11.83,IS,1725500856
la gi,10.6667,107.7833,28.08,80,100,6.64,VN,1725500856
essaouira,31.5125,-9.77,22.72,68,0,2.57,MA,1725500856
san patricio,28.017,-97.5169,26.97,87,100,5.83,US,1725500856
vorkuta,67.5,64.0,6.33,95,79,3.37,RU,1725500856
chul'man,56.8479,124.9104,6.77,75,91,5.85,RU,1725500856
tvoroyri,61.5556,-6.8111,11.23,89,100,6.03,FO,1725500856
haiku-pauwela,20.9219,-156.3051,28.01,70,40,10.29,US,1725500856
sulak,43.2734,47.5146,20.39,76,72,4.83,RU,1725500857
talnakh,69.4865,88.3972,4.1,67,100,3.42,RU,1725500857
cova figueira,14.8905,-24.2934,21.03,87,89,0.65,CV,1725500857
svatove,49.4103,38.1503,17.03,49,93,5.61,UA,1725500857
beclean,47.1833,24.1833,14.04,63,82,1.34,RO,1725500858
udachny,66.4167,112.4,3.03,73,97,7.57,RU,1725500858
gozyeri,40.866,32.5417,12.48,91,98,1.16,TR,1725500860
neunburg vorm wald,49.3467,12.3844,19.28,92,38,1.84,DE,1725500860
kailua-kona,19.6406,-155.9956,28.98,70,20,3.6,US,1725500860
nagqu,31.5,92.0,5.16,89,100,3.17,CN,1725500860
hammerfest,70.6634,23.6821,12.25,100,75,5.66,NO,1725500860
bantay,17.5847,120.3892,26.65,89,100,6.24,PH,1725500860
wilsonton,-27.5387,151.9155,18.52,59,0,0.89,AU,1725500860
newman,37.3138,-121.0208,35.58,30,0,1.79,US,1725500860
singaraja,-8.112,115.0882,30.14,60,99,1.71,ID,1725500861
lihue,21.9789,-159.3672,28.77,64,20,4.12,US,1725500861
kruisfontein,-34.0033,24.7314,12.68,80,100,3.02,ZA,1725500861
badger,64.8,-147.5333,17.14,60,100,2.57,US,1725500790
verkh-chebula,56.0308,87.6218,9.44,96,100,3.58,RU,1725500862
muynoq,43.7683,59.0214,19.69,69,100,7.38,UZ,1725500862
darnah,32.767,22.6367,26.55,75,0,5.78,LY,1725500863
kuta,-8.7233,115.1723,27.97,83,20,4.63,ID,1725500863
margherita,27.2833,95.6833,27.82,83,52,1.14,IN,1725500863
soio,-6.1349,12.3689,21.86,92,44,2.24,AO,1725500863
zhangye,38.9342,100.4517,17.48,45,100,0.81,CN,1725500863
sinabang,2.4803,96.3801,28.7,75,99,2.25,ID,1725500863
charters towers,-20.1,146.2667,26.8,34,8,8.6,AU,1725500863
tsiombe,-25.3,45.4833,17.75,89,0,3.14,MG,1725500863
mana,5.6592,-53.7767,26.85,85,17,3.59,GF,1725500864
norrtalje,59.758,18.705,16.12,87,86,1.84,SE,1725500864
emmett,43.8735,-116.4993,29.09,28,0,0.89,US,1725500864
porto novo,6.4965,2.6036,24.9,91,7,2.88,BJ,1725500612
kununurra,-15.7667,128.7333,32.99,43,37,6.17,AU,1725500864
roma,43.2128,-75.4557,16.87,88,0,0.45,US,1725500864
westport,41.1415,-73.3579,17.67,85,0,2.11,US,1725500858
muisne,0.6,-80.0333,23.67,86,98,3.84,EC,1725500864
alpine,32.835,-116.7664,30.2,47,0,5.66,US,1725500865
akune,32.0167,130.2,28.07,66,1,1.33,JP,1725500865
klaksvik,62.2266,-6.589,10.62,94,100,6.34,FO,1725500865
kiruna,67.8557,20.2251,13.51,82,100,4.63,SE,1725500865
levelland,33.5873,-102.378,19.59,84,0,4.18,US,1725500865
bhopal,23.2667,77.4,23.55,95,100,3.9,IN,1725500851
mejit,10.2753,170.8646,28.51,80,100,9.76,MH,1725500867
urangan,-25.3,152.9,21.92,57,97,1.72,AU,1725500867
tavda,58.0425,65.2726,7.87,92,96,3.36,RU,1725500867
kone,-21.0595,164.8658,26.72,33,0,6.42,NC,1725500867
leh,34.1667,77.5833,10.74,50,71,2.63,IN,1725500867
amga,60.8953,131.9608,9.24,93,100,4.1,RU,1725500868
haapsalu,58.9431,23.5414,15.57,86,14,3.17,EE,1725500868
geraldton,-28.7667,114.6,16.23,63,75,10.29,AU,1725500868
talara,-4.5772,-81.2719,17.42,94,0,9.26,PE,1725500868
key west,24.5557,-81.7826,32.0,81,75,7.6,US,1725500868
tura,25.5198,90.2201,26.7,88,90,1.58,IN,1725500868
bandarbeyla,9.4942,50.8122,24.62,76,39,10.88,SO,1725500869
colonia,50.9333,6.95,18.4,89,100,2.08,DE,1725500869
moab,38.5733,-109.5498,33.03,28,4,1.75,US,1725500684
guatrache,-37.6678,-63.5302,5.23,35,7,2.97,AR,1725500869
qala i naw,34.9874,63.1289,18.59,22,0,0.18,AF,1725500869
paraiso,9.8383,-83.8656,21.64,100,100,1.04,CR,1725500760
basco,20.4487,121.9702,28.88,80,100,5.94,PH,1725500870
coquimbo,-29.9533,-71.3436,12.85,82,0,2.06,CL,1725500659
tyukalinsk,55.8732,72.1967,7.48,91,94,6.68,RU,1725500870
dalbandin,28.8947,64.4101,27.15,11,0,0.95,PK,1725500870
la'ie,21.6477,-157.9253,30.98,67,3,4.9,US,1725500870
kapuskasing,49.4169,-82.4331,21.05,49,100,7.2,CA,1725500762
springfield,37.2153,-93.2982,23.89,66,0,1.34,US,1725500334
bandar lampung,-5.4254,105.258,28.8,67,39,3.86,ID,1725500871
ulsteinvik,62.3432,5.8487,15.17,96,92,2.57,NO,1725500871
axim,4.8699,-2.2405,23.33,89,67,4.78,GH,1725500871
tocopilla,-22.092,-70.1979,17.17,74,7,4.2,CL,1725500871
berezovyy,51.6667,135.7,16.65,47,75,5.21,RU,1725500871
bontang,0.1333,117.5,28.77,71,57,2.1,ID,1725500871
khovd,48.0056,91.6419,16.66,18,3,1.96,MN,1725500766
farmville,37.3021,-78.3919,17.18,77,0,1.54,US,1725500809
weno,7.4515,151.8468,29.97,79,100,2.06,FM,1725500872
praia da vitoria,38.7333,-27.0667,23.14,64,75,6.41,PT,1725500872
aykhal,66.0,111.5,1.5,86,99,6.91,RU,1725500781
tarauaca,-8.1614,-70.7656,27.13,40,0,0.87,BR,1725500872
lebu,-37.6167,-73.65,7.44,88,98,4.45,CL,1725500872
lazaro cardenas,17.9583,-102.2,28.2,75,69,0.7,MX,1725500873
mlangali,-9.7833,34.5167,9.81,74,6,2.07,TZ,1725500873
tromso,69.6496,18.957,13.01,82,75,5.66,NO,1725500769
akureyri,65.6835,-18.0878,13.53,92,100,7.49,IS,1725500873
springs,-26.25,28.4,13.15,34,64,2.67,ZA,1725500873
zaozersk,69.4005,32.4476,14.58,68,100,8.59,RU,1725500874
ad dana,36.2125,36.7698,22.49,86,0,4.26,SY,1725500874
sao jose da coroa grande,-8.8978,-35.1478,23.45,71,65,4.33,BR,1725500874
lompoc,34.6391,-120.4579,19.23,77,0,5.66,US,1725500874
stepnogorsk,52.3544,71.8869,8.77,92,99,6.07,KZ,1725500874
bougouni,11.417,-7.479,22.38,96,93,2.11,ML,1725500875
cabo san lucas,22.8909,-109.9124,29.31,75,100,0.89,MX,1725500576
sunchales,-30.944,-61.5615,11.3,45,0,2.88,AR,1725500876
balabac,7.9868,117.0645,29.49,76,100,7.16,PH,1725500876
isyangulovo,52.1909,52.1909,8.26,82,32,3.36,RU,1725500876
phulpur,25.55,82.1,29.44,69,100,1.74,IN,1725500841
bereket,39.2446,55.5154,21.68,13,0,4.37,TM,1725500876
kodiak,57.79,-152.4072,11.73,100,100,6.17,US,1725500876
alofi,-19.0595,-169.9187,25.94,65,40,5.66,NU,1725500876
zhigalovo,54.8097,105.1578,11.6,81,82,1.51,RU,1725500877
boende,-0.2167,20.8667,21.55,98,99,0.88,CD,1725500877
skovorodino,53.9833,123.9167,14.2,34,4,5.12,RU,1725500877
cockburn town,21.4612,-71.1419,28.73,77,100,8.71,TC,1725500877
dudinka,69.4058,86.1778,3.38,74,100,2.6,RU,1725500877
lodeynoye pole,60.726,33.5531,11.91,77,8,1.54,RU,1725500877
fuchucho,34.5667,133.2333,28.94,57,9,2.27,JP,1725500878
santa cruz,-17.8,-63.1667,28.7,32,0,7.72,BO,1725500615
vila franca do campo,37.7167,-25.4333,21.23,99,25,3.39,PT,1725500878
callao,-12.0667,-77.15,16.51,77,75,2.57,PE,1725500414
salinopolis,-0.6136,-47.3561,26.83,80,69,5.29,BR,1725500878
mandalgovi,45.7625,106.2708,15.73,40,0,6.54,MN,1725500802
prineville,44.2999,-120.8345,31.73,12,0,3.09,US,1725500879
kegeyli shahar,42.7767,59.6078,18.6,46,99,4.59,UZ,1725500879
kolonia town,6.964,158.206,32.0,66,20,2.57,FM,1725500879
ar ruways,24.1103,52.7306,30.29,64,5,1.62,AE,1725500879
yanykurgan,43.915,67.2481,19.38,35,67,3.27,KZ,1725500879
ljusdal,61.8288,16.0913,14.13,94,6,1.07,SE,1725500655
borogontsy,62.6683,131.1683,11.72,51,86,2.73,RU,1725500879
floro,61.5996,5.0328,12.98,100,51,1.54,NO,1725500880
noumea,-22.2763,166.4572,23.89,98,92,8.04,NC,1725500880
ust'-kut,56.7938,105.7672,9.56,88,100,0.78,RU,1725500880
salinas,36.6777,-121.6555,18.05,81,0,5.14,US,1725500593
xining,36.6167,101.7667,10.26,89,100,0.92,CN,1725500882
san antonio de pale,-1.4014,5.6325,24.23,85,100,5.55,GQ,1725500882
bondeno,44.8862,11.4108,23.31,89,99,3.3,IT,1725500882
saint-francois,46.4154,3.9054,15.69,95,100,4.63,FR,1725500882
hadibu,12.65,54.0333,25.37,81,22,8.02,YE,1725500883
kudymkar,59.0173,54.656,4.14,90,4,1.78,RU,1725500883
chui,-33.6971,-53.4616,8.81,90,90,2.49,UY,1725500861
matoury,4.8483,-52.3317,26.98,94,0,1.03,GF,1725500883
pandan,14.0453,124.1694,29.99,69,100,6.82,PH,1725500883
bamboo flat,11.7,92.7167,27.05,89,100,3.6,IN,1725500883
sittwe,20.15,92.9,27.81,84,87,4.73,MM,1725500883
ta`u,-14.2336,-169.5144,26.09,81,100,8.74,AS,1725500884
dili,-8.5586,125.5736,28.43,61,9,3.32,TL,1725500884
mil'kovo,55.6078,37.7956,13.5,58,0,3.3,RU,1725500884
rudnichnyy,59.617,52.4703,4.25,82,15,1.51,RU,1725500884
raja,8.4596,25.678,19.52,98,99,1.66,SS,1725500884
diamantino,-14.4086,-56.4461,25.9,26,0,2.23,BR,1725500884
kampene,-3.6,26.6667,21.3,92,100,0.92,CD,1725500884
haapavesi,64.1333,25.3667,13.62,95,90,2.02,FI,1725500885
ulety,51.3572,112.4849,14.68,41,31,4.16,RU,1725500886
prieska,-29.6641,22.7474,13.14,33,39,3.87,ZA,1725500886
gazojak,41.1875,61.4036,19.85,18,7,4.89,TM,1725500886
tarko-sale,64.9225,77.785,5.04,76,43,4.14,RU,1725500886
mont-tremblant,46.1949,-74.6264,15.77,88,3,0.0,CA,1725500886
la passe,45.5549,-0.8967,15.49,81,2,2.37,FR,1725500887
alajarvi,63.0,23.8167,15.29,97,8,1.94,FI,1725500887
kondratovo,57.9804,56.1066,10.16,87,0,1.0,RU,1725500887
dalcahue,-42.3628,-73.7022,5.11,87,0,2.57,CL,1725500771
port hedland,-20.3167,118.5667,30.03,39,48,7.72,AU,1725500887
funafuti,-8.5243,179.1942,31.0,74,75,5.14,TV,1725500887
nemuro,43.3236,145.575,18.84,91,98,4.73,JP,1725500887
cozumel,20.5083,-86.9458,29.04,89,20,2.57,MX,1725500678
xichang,27.8964,102.2634,19.13,95,100,0.94,CN,1725500888
bodo,67.28,14.405,13.21,90,100,5.66,NO,1725500888
hasaki,35.7333,140.8333,25.33,83,43,5.1,JP,1725500888
kayangel,8.0823,134.7173,28.86,73,100,1.86,PW,1725500888
lorengau,-2.0226,147.2712,28.26,80,46,3.76,PG,1725500888
tosontsengel,48.7567,98.2839,10.79,33,3,1.16,MN,1725500889
behshahr,36.6923,53.5526,23.11,91,1,2.45,IR,1725500889
vryburg,-26.9566,24.7284,12.49,44,6,5.07,ZA,1725500889
bardai,11.65,7.2333,20.55,93,79,2.94,NG,1725500889
oamaru,-45.0784,170.9801,12.93,51,100,4.45,NZ,1725500889
fortuna,40.5982,-124.1573,21.07,76,20,2.57,US,1725500889
durban,-29.8579,31.0292,20.51,83,57,6.32,ZA,1725500681
chibougamau,49.9168,-74.3659,18.79,63,100,5.14,CA,1725500889
egilsstadir,65.2653,-14.3948,13.95,72,0,5.14,IS,1725500890
serdar,38.9764,56.2757,21.35,14,0,3.42,TM,1725500890
baniyas,35.1819,35.9487,26.16,74,88,2.56,SY,1725500890
nykobing sjaelland,55.9249,11.6711,18.3,82,5,6.81,DK,1725500890
polyarnyye zori,67.3661,32.4981,11.48,97,76,2.43,RU,1725500890
st. paul,44.9444,-93.0933,24.31,60,0,4.63,US,1725500433
emerald,-23.5333,148.1667,25.78,35,0,8.3,AU,1725500890
laguna,38.421,-121.4238,39.1,18,0,2.06,US,1725500891
flying fish cove,-10.4217,105.6791,26.82,78,75,5.66,CX,1725500891
nicoya,10.1483,-85.452,24.75,94,100,0.19,CR,1725500891
homa bay,-0.5273,34.4571,19.45,76,97,1.9,KE,1725500891
porto murtinho,-21.6989,-57.8825,27.49,38,0,5.48,BR,1725500294
maebaru-chuo,33.55,130.2,30.82,69,46,2.37,JP,1725500891
taoudenni,22.6783,-3.9836,36.26,29,30,2.35,ML,1725500891
pangoa,-12.1167,-73.0,23.81,58,30,1.47,PE,1725500891
metlili chaamba,32.2667,3.6333,30.52,33,75,1.54,DZ,1725500892
ust-nera,64.5667,143.2,7.35,92,100,1.43,RU,1725500892
constitucion,-35.3333,-72.4167,9.13,74,12,2.13,CL,1725500892
pilar,-9.5972,-35.9567,19.96,85,47,0.73,BR,1725500892
khamis mushait,18.3064,42.7292,19.58,36,0,0.0,SA,1725500892
coahuayana de hidalgo,18.7,-103.6583,27.42,83,100,0.15,MX,1725500892
palmer,42.1584,-72.3287,16.96,71,0,1.18,US,1725500892
fort bragg,35.139,-79.006,23.28,77,75,3.09,US,1725500893
freetown,8.484,-13.2299,24.4,90,100,4.43,SL,1725500893
patan,27.6667,85.3333,21.21,94,75,0.0,NP,1725500893
viedma,-40.8135,-62.9967,6.04,37,0,3.54,AR,1725500828
hami,42.8,93.45,21.16,20,100,2.05,CN,1725500893
tapioszele,47.3361,19.8772,18.91,60,3,0.45,HU,1725500893
taksimo,56.3444,114.8794,12.62,56,68,1.56,RU,1725500893
jayapura,-2.5333,140.7,28.66,84,99,1.14,ID,1725500893
bedford,52.1346,-0.4663,12.84,91,100,4.29,GB,1725500851
kuala belait,4.5833,114.1833,28.27,78,100,2.8,BN,1725500894
langsa,4.4683,97.9683,28.12,79,97,0.29,ID,1725500769
ambodifotatra,-16.9833,49.85,23.39,80,12,7.37,MG,1725500894
harper,4.375,-7.7169,24.51,84,100,5.67,LR,1725500894
sinop,41.7711,34.8709,15.7,88,9,1.19,TR,1725500895
ribeira brava,32.65,-17.0667,22.78,86,16,0.33,PT,1725500895
plettenberg bay,-34.0527,23.3716,12.85,84,100,2.45,ZA,1725500895
withernsea,53.7311,0.0335,14.95,97,100,7.02,GB,1725500895
valozhyn,54.0909,26.5225,15.09,78,69,3.03,BY,1725500895
ulladulla,-35.35,150.4667,24.43,31,100,5.13,AU,1725500895
afif,23.9065,42.9172,24.96,22,26,0.87,SA,1725500895
charata,-27.2144,-61.188,13.43,78,53,3.44,AR,1725500825
hegang,47.4,130.3667,17.5,47,100,4.01,CN,1725500896
pokaran,26.9167,71.9167,27.24,76,12,2.05,IN,1725500896
hugo,45.16,-92.9933,23.96,61,0,4.63,US,1725500896
nadym,65.5333,72.5167,5.92,84,79,2.53,RU,1725500896
darwin,-12.4611,130.8418,30.99,45,40,6.17,AU,1725500845
konarka,19.9,86.1167,28.47,78,100,2.55,IN,1725500896
xilin hot,43.9667,116.0333,15.69,50,0,5.34,CN,1725500896
lewistown,40.5992,-77.5714,14.67,88,0,0.0,US,1725500896
katima mulilo,-17.5,24.2667,14.01,37,3,2.21,NA,1725500897
niafunke,15.9322,-3.9906,28.17,72,100,6.79,ML,1725500897
bikenibeu village,1.3673,173.1241,31.98,70,75,4.12,KI,1725500897
marco island,25.9363,-81.7157,27.0,99,100,6.13,US,1725500897
daru,-9.0763,143.2092,26.95,77,71,7.97,PG,1725500897
northam,51.0333,-4.2167,13.67,82,45,2.67,GB,1725500897
pestravka,52.405,49.9583,8.47,77,0,5.0,RU,1725500897
santa cruz del sur,20.7147,-77.9956,27.56,81,100,3.91,CU,1725500897
kirkwall,58.9848,-2.9587,7.03,100,0,0.51,GB,1725500898
mossel bay,-34.1831,22.146,11.96,82,100,3.72,ZA,1725500898
oranjemund,-28.55,16.4333,11.92,94,37,3.93,NA,1725500899
gebeit,21.0667,36.3167,28.33,42,2,2.35,SD,1725500900
dakhla,23.6848,-15.958,19.81,90,0,8.04,EH,1725500900
port alfred,-33.5906,26.891,15.1,90,100,0.89,ZA,1725500652
san jose del guaviare,2.5729,-72.6459,24.48,87,12,1.1,CO,1725500900
yuzhno-kurilsk,44.0306,145.8556,19.27,80,100,4.73,RU,1725500900
volchikha,52.0333,80.3833,11.21,96,100,2.83,RU,1725500900
piti village,13.4626,144.6933,29.03,94,100,2.57,GU,1725500900
gizo,-8.103,156.8419,27.61,77,22,4.72,SB,1725500901
euclides da cunha,-10.5075,-39.0158,16.7,96,5,3.52,BR,1725500901
ritchie,-29.038,24.6028,15.49,35,5,8.21,ZA,1725500901
messini,37.0511,22.0078,25.1,83,0,2.57,GR,1725500901
tolanaro,-25.0319,46.9987,20.04,88,40,4.12,MG,1725500901
tual,-5.6667,132.75,26.44,82,95,8.28,ID,1725500901
remuna,21.5261,86.8722,28.45,74,100,2.08,IN,1725500901
kavaratti,10.5669,72.642,27.39,82,99,7.08,IN,1725500901
kirgiz-miyaki,53.6324,54.7979,6.36,89,23,2.69,RU,1725500902
shujalpur,23.4,76.7167,23.32,95,100,3.46,IN,1725500902
kertih,4.5141,103.4483,25.05,94,20,1.03,MY,1725500902
goundam,16.4145,-3.6708,27.73,73,100,5.61,ML,1725500902
ramos arizpe,25.55,-100.9667,22.97,72,75,5.14,MX,1725500902
sumusta as sultani,28.9167,30.85,25.3,65,0,3.72,EG,1725500902
sao joao da barra,-21.6403,-41.0511,22.82,91,0,5.62,BR,1725500902
newport,51.5877,-2.9984,12.29,86,98,5.85,GB,1725500791
vianopolis,-16.7419,-48.5164,22.64,23,0,2.23,BR,1725500903
duck lake,52.8168,-106.2344,11.99,55,26,3.33,CA,1725500903
santa elena de uairen,4.6167,-61.1333,20.16,86,21,1.22,VE,1725500903
walvis bay,-22.9575,14.5053,11.53,100,6,4.12,NA,1725500903
woolgoolga,-30.1106,153.2007,23.36,49,0,4.3,AU,1725500903
ngetkib,7.3645,134.5148,28.14,83,75,2.06,PW,1725500747
sarayonu,38.262,32.4046,19.46,62,52,3.03,TR,1725500903
ancud,-41.8697,-73.8203,6.84,71,100,3.48,CL,1725500904
semdinli,37.3051,44.5742,14.79,51,0,1.03,TR,1725500904
wynyard,-41.0,145.7167,14.55,84,99,2.68,AU,1725500904
akdepe,42.0551,59.3788,19.01,34,94,4.24,TM,1725500904
arti,56.4234,58.5328,7.66,81,100,2.09,RU,1725500904
san luis,-33.295,-66.3356,11.06,32,0,7.06,AR,1725500904
benjamin constant,-4.3831,-70.0311,26.07,53,86,0.91,BR,1725500904
kaoma,-14.7833,24.8,11.28,56,0,2.57,ZM,1725500904
sandnessjoen,66.0217,12.6316,13.09,90,100,2.67,NO,1725500905
djambala,-2.5447,14.7533,21.72,82,100,1.51,CG,1725500905
remire-montjoly,4.9167,-52.2667,27.02,94,0,1.03,GF,1725500905
nuuk,64.1835,-51.7216,4.34,100,100,3.6,GL,1725500905
zeya,53.75,127.2667,14.22,48,0,5.45,RU,1725500905
whangarei,-35.7317,174.3239,16.08,48,6,3.85,NZ,1725500851
klyuchi,52.2667,79.1667,11.92,90,97,4.42,RU,1725500905
koupela,12.1794,-0.3517,23.2,91,100,4.63,BF,1725500906
sao tome,0.3365,6.7273,24.97,87,97,4.72,ST,1725500906
khorugh,37.4897,71.553,11.1,34,0,0.36,TJ,1725500906
vila velha,-20.3297,-40.2925,23.97,91,75,3.6,BR,1725500639
preobrazheniye,42.9019,133.9064,20.47,95,100,4.99,RU,1725500906
kutum,14.2,24.6667,21.5,79,24,2.08,SD,1725500906
mhamid,29.82,-5.72,31.19,26,20,5.71,MA,1725500906
forster,-32.1667,152.5167,23.49,35,0,2.69,AU,1725500906
sampit,-2.5333,112.95,31.03,63,90,0.93,ID,1725500906
birobidzhan,48.8,132.95,17.73,56,100,3.54,RU,1725500907
saudarkrokur,65.7461,-19.6394,12.8,89,100,7.65,IS,1725500907
kendari,-3.945,122.4989,30.8,59,21,1.36,ID,1725500907
conceicao da barra,-18.5933,-39.7322,22.77,86,0,3.12,BR,1725500796
bondo,3.8146,23.6866,20.35,98,96,0.25,CD,1725500908
faya-largeau,17.9257,19.1043,30.33,56,86,3.85,TD,1725500908
tubmanburg,6.8708,-10.8172,23.0,98,100,1.43,LR,1725500908
kamakhyanagar,20.9333,85.55,27.5,79,42,1.01,IN,1725500908
bishkek,42.87,74.59,12.11,14,15,1.1,KG,1725500908
the pas,53.8251,-101.2541,14.01,62,100,6.17,CA,1725500908
qujing,25.4833,103.7833,20.37,74,73,2.16,CN,1725500909
sibi,29.5448,67.8764,30.89,63,0,2.92,PK,1725500909
chernyshevskiy,63.0128,112.4714,6.86,81,100,3.27,RU,1725500909
mili,6.0815,171.735,26.72,86,100,5.63,MH,1725500909
tinajo,29.0788,-13.7081,20.49,78,75,5.14,ES,1725500909
san lorenzo,-25.3333,-57.5333,15.0,85,75,6.26,PY,1725500909
charlestown,-32.95,151.6667,25.41,41,2,3.58,AU,1725500909
uturoa,-16.7333,-151.4333,25.37,79,15,7.45,PF,1725500909
yeroham,30.9872,34.9314,20.33,91,0,1.65,IL,1725500910
kirensk,57.7853,108.1119,10.73,81,95,2.31,RU,1725500910
vilyuysk,63.7553,121.6247,10.39,54,100,2.89,RU,1725500910
kaiyuan,23.6977,103.3037,24.29,80,38,1.72,CN,1725500910
aesch,47.471,7.5973,20.03,94,100,2.06,CH,1725500910
pochinki,54.6988,44.8668,8.53,78,0,2.63,RU,1725500911
tottori,35.5,134.2333,28.04,69,20,3.6,JP,1725500804
lata,40.1629,-8.3327,11.71,91,19,1.03,PT,1725500911
shizuoka,34.9769,138.3831,28.61,63,1,1.73,JP,1725500911
faulquemont,49.0471,6.6031,18.0,96,100,2.73,FR,1725500911
tantangan,6.615,124.7489,30.45,66,100,0.89,PH,1725500911
kerikeri,-35.2268,173.9474,16.41,46,6,3.7,NZ,1725500911
gadzhiyevo,69.2551,33.3362,15.51,64,100,8.4,RU,1725500911
gobabis,-22.45,18.9667,11.88,26,6,3.63,NA,1725500912
qulsary,46.9531,54.0198,20.19,40,100,5.39,KZ,1725500912
maues,-3.3836,-57.7186,26.93,40,92,0.81,BR,1725500912
brookings,44.3114,-96.7984,23.0,73,0,4.63,US,1725500912
riohacha,11.5444,-72.9072,26.51,88,100,3.1,CO,1725500820
okha,53.5739,142.9478,17.0,79,100,9.02,RU,1725500912
nogales,31.3086,-110.9422,33.76,15,0,3.09,MX,1725500912
mahina,-17.5065,-149.489,27.87,61,75,2.57,PF,1725500912
saint-philippe,-21.3585,55.7679,21.02,81,38,4.82,RE,1725500913
loreto,22.2667,-101.9667,22.34,54,100,7.26,MX,1725500913
happy valley-goose bay,53.3168,-60.3315,14.17,58,75,3.09,CA,1725500913
ad dilam,23.9915,47.1627,29.88,18,5,3.17,SA,1725500913
waynesville,35.4887,-82.9887,17.6,77,96,1.66,US,1725500913
miyaly,48.8844,53.7836,13.94,50,2,6.5,KZ,1725500913
kuanda,56.3161,116.0806,11.41,56,85,1.74,RU,1725500913
auchel,50.5034,2.4735,15.95,96,84,2.24,FR,1725500914
papao,-17.75,-149.55,27.82,78,22,8.61,PF,1725500914
iglino,54.8324,56.4126,8.99,81,95,3.31,RU,1725500914
severobaykal'sk,55.65,109.3167,7.79,88,100,0.33,RU,1725500914
pangody,65.85,74.4859,4.94,79,86,2.97,RU,1725500914
elkins,38.9259,-79.8467,16.28,69,0,1.34,US,1725500755
luderitz,-26.6481,15.1594,12.32,82,17,8.52,NA,1725500915
lucenec,48.3325,19.6671,18.87,48,100,2.7,SK,1725500915
frauenfeld,47.5582,8.8985,20.18,98,62,0.85,CH,1725500915
ulysses,37.5814,-101.3552,28.02,32,0,3.6,US,1725500915
tremonton,41.7119,-112.1655,23.86,33,1,3.13,US,1725500766
amarillo,35.222,-101.8313,23.46,66,0,2.24,US,1725500706
goz beida,13.95,20.55,24.14,86,100,1.11,TD,1725500915
san luis de la loma,17.2706,-100.8939,27.56,79,80,0.31,MX,1725500915
bamyan,34.75,67.25,6.92,26,0,1.91,AF,1725500916
vanimo,-2.6741,141.3028,27.84,83,90,2.48,PG,1725500916
as sulayyil,20.4607,45.5779,29.09,20,3,2.24,SA,1725500687
whakatane,-37.9585,176.9854,16.95,66,3,2.68,NZ,1725500916
kosh-agach,50.0,88.6667,9.44,42,100,1.28,RU,1725500916
kresttsy,58.2452,32.5165,11.4,79,6,2.24,RU,1725500916
antsiranana,-12.2787,49.2917,22.75,73,27,7.04,MG,1725500916
ha'il,27.5219,41.6907,26.01,27,0,0.0,SA,1725500916
laojunmiao,39.8333,97.7333,13.07,57,100,2.33,CN,1725500917
qamdo,31.1667,97.2333,8.59,84,100,1.22,CN,1725500917
mata-utu,-13.2816,-176.1745,26.19,81,97,7.11,WF,1725500917
mazagao,-0.115,-51.2894,26.63,84,28,2.81,BR,1725500917
altamira,-3.2033,-52.2064,26.32,40,87,1.27,BR,1725500917
peace river,56.2501,-117.286,20.17,39,0,3.09,CA,1725500917
apac,1.9756,32.5386,17.19,94,42,0.1,UG,1725500917
madalena,41.2162,-8.3345,16.28,77,99,2.0,PT,1725500917
ambon,-3.6954,128.1814,27.08,83,40,2.57,ID,1725500918
huangshan,29.7114,118.3125,33.35,56,0,1.3,CN,1725500918
nogliki,51.8333,143.1667,14.8,90,100,3.86,RU,1725500918
pisco,-13.7,-76.2167,17.03,77,20,2.06,PE,1725500918
tanumah,27.1,44.1333,25.33,28,0,0.77,SA,1725500918
praia,14.9215,-23.5087,27.3,83,75,3.09,CV,1725500771
gereida,11.2811,25.1414,21.87,93,63,1.63,SD,1725500918
bom jesus,-9.0744,-44.3586,21.86,31,29,1.13,BR,1725500919
el granada,37.5027,-122.4694,21.58,86,100,10.29,US,1725500919
ceeldheer,3.8488,47.1806,22.62,87,32,5.51,SO,1725500919
queenstown,-31.8976,26.8753,9.89,84,18,1.71,ZA,1725500919
macau,22.2006,113.5461,32.62,79,40,7.72,MO,1725500919
port moresby,-9.4431,147.1797,29.68,62,40,5.14,PG,1725500919
alotau,-10.3069,150.4462,25.45,93,100,3.22,PG,1725500919
galliano,29.4422,-90.2992,27.0,89,75,2.06,US,1725500919
philadelphia,39.9523,-75.1638,20.05,66,20,2.06,US,1725500667
amuntai,-2.4177,115.2494,29.78,73,31,0.14,ID,1725500920
nahan,30.55,77.3,24.42,83,4,1.03,IN,1725500920
gofitskoye,45.0792,43.0464,18.87,66,100,3.53,RU,1725500920
inhambane,-23.865,35.3833,19.22,74,0,2.7,MZ,1725500920
